cluster,location,FID,IID,PHE,CHR,CHR_NUM,SNP1,SNP2,POS1,POS2,KB,NSNP,DENSITY,PHOM,PHET
Archbold,Archbold,ALD01,ALD01,-9,CM083937.1,1,SNP_402252,SNP_423005,40044251,42427522,2383.272,9144,0.261,0.999,0.001
Archbold,Archbold,ALD01,ALD01,-9,CM083937.1,1,SNP_676177,SNP_687722,69068178,70288962,1220.785,4979,0.245,0.999,0.001
Archbold,Archbold,ALD01,ALD01,-9,CM083937.1,1,SNP_723464,SNP_735240,75080449,76338551,1258.103,5422,0.232,0.999,0.001
Archbold,Archbold,ALD01,ALD01,-9,CM083937.1,1,SNP_763151,SNP_774576,79158425,80285541,1127.117,5144,0.219,0.999,0.001
Archbold,Archbold,ALD01,ALD01,-9,CM083938.1,1A,SNP_1714662,SNP_1715779,58417538,59510647,1093.11,357,3.062,0.978,0.022
Archbold,Archbold,ALD01,ALD01,-9,CM083939.1,2,SNP_2248705,SNP_2265294,48355858,50171825,1815.968,7387,0.246,0.999,0.001
Archbold,Archbold,ALD01,ALD01,-9,CM083939.1,2,SNP_2384772,SNP_2386724,64486538,65814554,1328.017,465,2.856,1,0
Archbold,Archbold,ALD01,ALD01,-9,CM083939.1,2,SNP_2650969,SNP_2652676,96271442,97478822,1207.381,549,2.199,0.991,0.009
Archbold,Archbold,ALD01,ALD01,-9,CM083939.1,2,SNP_3269514,SNP_3280276,162906721,164098117,1191.397,4609,0.258,0.997,0.002
Archbold,Archbold,ALD01,ALD01,-9,CM083941.1,4,SNP_4437125,SNP_4448206,2085626,3113155,1027.53,4912,0.209,1,0
Archbold,Archbold,ALD01,ALD01,-9,CM083942.1,4A,SNP_5219381,SNP_5220683,7785015,8955584,1170.57,407,2.876,0.995,0.005
Archbold,Archbold,ALD01,ALD01,-9,CM083944.1,6,SNP_6047092,SNP_6060736,11600470,13096551,1496.082,5836,0.256,0.999,0.001
Archbold,Archbold,ALD01,ALD01,-9,CM083944.1,6,SNP_6060760,SNP_6072654,13097214,14320296,1223.083,5106,0.24,0.998,0.002
Archbold,Archbold,ALD01,ALD01,-9,CM083946.1,8,SNP_6726900,SNP_6732607,4967861,7754132,2786.272,2045,1.362,0.998,0.002
Archbold,Archbold,ALD01,ALD01,-9,CM083952.1,14,SNP_8148865,SNP_8159289,7370935,8389203,1018.269,4522,0.225,0.999,0.001
Archbold,Archbold,ALD01,ALD01,-9,CM083959.1,22,SNP_9074540,SNP_9087242,4117161,5255401,1138.241,5490,0.207,0.999,0.001
Archbold,Archbold,ALD02,ALD02,-9,CM083937.1,1,SNP_433279,SNP_444660,43499122,44533821,1034.7,4851,0.213,0.998,0.001
Archbold,Archbold,ALD02,ALD02,-9,CM083937.1,1,SNP_446196,SNP_463366,44655319,46134763,1479.445,7322,0.202,0.999,0.001
Archbold,Archbold,ALD02,ALD02,-9,CM083937.1,1,SNP_503422,SNP_556663,50015422,55261700,5246.279,23742,0.221,1,0
Archbold,Archbold,ALD02,ALD02,-9,CM083939.1,2,SNP_2379349,SNP_2386724,62765060,65814554,3049.495,2471,1.234,1,0
Archbold,Archbold,ALD02,ALD02,-9,CM083939.1,2,SNP_2394284,SNP_2400414,69420750,70504645,1083.896,2326,0.466,1,0
Archbold,Archbold,ALD02,ALD02,-9,CM083941.1,4,SNP_4440276,SNP_4454020,2377860,3657799,1279.94,6150,0.208,1,0
Archbold,Archbold,ALD02,ALD02,-9,CM083941.1,4,SNP_4958974,SNP_4969867,62782039,64031553,1249.515,4700,0.266,1,0
Archbold,Archbold,ALD02,ALD02,-9,CM083943.1,5,SNP_5609729,SNP_5619365,32054870,33136083,1081.214,4254,0.254,0.998,0.002
Archbold,Archbold,ALD02,ALD02,-9,CM083945.1,7,SNP_6479549,SNP_6488187,19377000,20649306,1272.307,3926,0.324,0.998,0.001
Archbold,Archbold,ALD02,ALD02,-9,CM083958.1,21,SNP_8962623,SNP_8971258,2040793,4274375,2233.583,3418,0.653,0.999,0.001
Archbold,Archbold,ALD03,ALD03,-9,CM083940.1,3,SNP_3756448,SNP_3757142,54339254,55541438,1202.185,127,9.466,0.921,0.008
Archbold,Archbold,ALD03,ALD03,-9,CM083946.1,8,SNP_6728746,SNP_6730051,5458718,6906141,1447.424,363,3.987,0.961,0.017
Archbold,Archbold,ALD04,ALD04,-9,CM083937.1,1,SNP_261653,SNP_272820,24113780,25290351,1176.572,4685,0.251,1,0
Archbold,Archbold,ALD04,ALD04,-9,CM083937.1,1,SNP_320014,SNP_327630,30715044,31717050,1002.007,3299,0.304,0.998,0.002
Archbold,Archbold,ALD04,ALD04,-9,CM083937.1,1,SNP_577556,SNP_587749,58780368,59902731,1122.364,4605,0.244,0.998,0.001
Archbold,Archbold,ALD04,ALD04,-9,CM083937.1,1,SNP_805065,SNP_807921,83160616,84215607,1054.992,1231,0.857,0.998,0.002
Archbold,Archbold,ALD04,ALD04,-9,CM083937.1,1,SNP_921822,SNP_935162,95175609,96408657,1233.049,6242,0.198,0.998,0.002
Archbold,Archbold,ALD04,ALD04,-9,CM083938.1,1A,SNP_1525464,SNP_1543593,36026625,38143289,2116.665,7848,0.27,1,0
Archbold,Archbold,ALD04,ALD04,-9,CM083938.1,1A,SNP_1546315,SNP_1584548,38407769,42471837,4064.069,16738,0.243,0.999,0.001
Archbold,Archbold,ALD04,ALD04,-9,CM083938.1,1A,SNP_1584565,SNP_1615564,42472364,45512590,3040.227,13708,0.222,0.999,0.001
Archbold,Archbold,ALD04,ALD04,-9,CM083938.1,1A,SNP_1620825,SNP_1631795,46104713,47907102,1802.39,4453,0.405,0.999,0.001
Archbold,Archbold,ALD04,ALD04,-9,CM083938.1,1A,SNP_1632103,SNP_1647121,49260194,50967132,1706.939,6664,0.256,0.999,0.001
Archbold,Archbold,ALD04,ALD04,-9,CM083938.1,1A,SNP_1650205,SNP_1688187,51292029,55781635,4489.607,16540,0.271,1,0
Archbold,Archbold,ALD04,ALD04,-9,CM083938.1,1A,SNP_1688204,SNP_1705675,55782118,57531199,1749.082,7970,0.219,0.999,0.001
Archbold,Archbold,ALD04,ALD04,-9,CM083938.1,1A,SNP_1705887,SNP_1726205,57550512,60569734,3019.223,9167,0.329,0.998,0.001
Archbold,Archbold,ALD04,ALD04,-9,CM083939.1,2,SNP_2123219,SNP_2133251,19869542,20913068,1043.527,4530,0.23,0.998,0.001
Archbold,Archbold,ALD04,ALD04,-9,CM083939.1,2,SNP_2133259,SNP_2149239,20913672,22689107,1775.436,7342,0.242,0.999,0
Archbold,Archbold,ALD04,ALD04,-9,CM083939.1,2,SNP_2528774,SNP_2543474,84566849,85879595,1312.747,6449,0.204,0.999,0.001
Archbold,Archbold,ALD04,ALD04,-9,CM083939.1,2,SNP_2640628,SNP_2652685,95093088,97480005,2386.918,5026,0.475,0.999,0.001
Archbold,Archbold,ALD04,ALD04,-9,CM083939.1,2,SNP_3110281,SNP_3122882,144968835,146618969,1650.135,5336,0.309,0.999,0.001
Archbold,Archbold,ALD04,ALD04,-9,CM083940.1,3,SNP_4117482,SNP_4127933,93851307,95012618,1161.312,4618,0.251,0.998,0.001
Archbold,Archbold,ALD04,ALD04,-9,CM083940.1,3,SNP_4134116,SNP_4162755,95668739,98633790,2965.052,12398,0.239,0.999,0
Archbold,Archbold,ALD04,ALD04,-9,CM083940.1,3,SNP_4335321,SNP_4351056,118351832,119851710,1499.879,7222,0.208,0.998,0.001
Archbold,Archbold,ALD04,ALD04,-9,CM083941.1,4,SNP_4501268,SNP_4508322,7923993,8997333,1073.341,3028,0.354,0.998,0.001
Archbold,Archbold,ALD04,ALD04,-9,CM083941.1,4,SNP_4519800,SNP_4524980,12797691,14245698,1448.008,1784,0.812,0.998,0.002
Archbold,Archbold,ALD04,ALD04,-9,CM083941.1,4,SNP_4640704,SNP_4650547,27220730,28238044,1017.315,4091,0.249,0.998,0.001
Archbold,Archbold,ALD04,ALD04,-9,CM083943.1,5,SNP_5779197,SNP_5791576,52495414,53836932,1341.519,5511,0.243,0.999,0.001
Archbold,Archbold,ALD04,ALD04,-9,CM083945.1,7,SNP_6395681,SNP_6406282,9587421,10773701,1186.281,4836,0.245,0.999,0.001
Archbold,Archbold,ALD04,ALD04,-9,CM083946.1,8,SNP_6728703,SNP_6731350,5431715,7438441,2006.727,772,2.599,0.988,0.01
Archbold,Archbold,ALD04,ALD04,-9,CM083948.1,10,SNP_7265147,SNP_7276667,2042150,3181406,1139.257,5216,0.218,0.999,0.001
Archbold,Archbold,ALD04,ALD04,-9,CM083949.1,11,SNP_7489083,SNP_7501781,4856531,6051152,1194.622,5825,0.205,1,0
Archbold,Archbold,ALD04,ALD04,-9,CM083949.1,11,SNP_7512358,SNP_7528129,7023243,8846562,1823.32,6924,0.263,0.998,0.001
Archbold,Archbold,ALD04,ALD04,-9,CM083950.1,12,SNP_7772484,SNP_7785691,12021368,13445368,1424.001,5604,0.254,0.999,0.001
Archbold,Archbold,ALD04,ALD04,-9,CM083953.1,15,SNP_8360328,SNP_8370826,9703631,12524010,2820.38,4324,0.652,0.999,0.001
Archbold,Archbold,ALD04,ALD04,-9,CM083964.1,27,SNP_9416249,SNP_9427427,2789501,4244404,1454.904,4955,0.294,0.998,0.002
Archbold,Archbold,ALD04,ALD04,-9,CM083964.1,27,SNP_9431285,SNP_9441861,4799378,5823802,1024.425,4618,0.222,0.998,0.001
Archbold,Archbold,ALD05,ALD05,-9,CM083938.1,1A,SNP_1285621,SNP_1297621,10220472,11274878,1054.407,5376,0.196,0.998,0.002
Archbold,Archbold,ALD05,ALD05,-9,CM083939.1,2,SNP_2242429,SNP_2251962,47670298,48671580,1001.283,4369,0.229,0.997,0.002
Archbold,Archbold,ALD05,ALD05,-9,CM083939.1,2,SNP_2257777,SNP_2271588,49349405,50784738,1435.334,6037,0.238,0.997,0.002
Archbold,Archbold,ALD05,ALD05,-9,CM083940.1,3,SNP_3848483,SNP_3864099,65598846,67251167,1652.322,7170,0.23,0.999,0.001
Archbold,Archbold,ALD05,ALD05,-9,CM083943.1,5,SNP_5664234,SNP_5678565,38425763,39991297,1565.535,6150,0.255,0.997,0.002
Archbold,Archbold,ALD05,ALD05,-9,CM083943.1,5,SNP_5685216,SNP_5708318,40775185,43742052,2966.868,9528,0.311,0.999,0.001
Archbold,Archbold,ALD05,ALD05,-9,CM083943.1,5,SNP_5759882,SNP_5771659,50072784,51567688,1494.905,5139,0.291,0.998,0.001
Archbold,Archbold,ALD05,ALD05,-9,CM083943.1,5,SNP_5777379,SNP_5788931,52281638,53580307,1298.67,5214,0.249,0.998,0.002
Archbold,Archbold,ALD05,ALD05,-9,CM083945.1,7,SNP_6489600,SNP_6498525,20806343,21948821,1142.479,3863,0.296,0.999,0.001
Archbold,Archbold,ALD05,ALD05,-9,CM083945.1,7,SNP_6511068,SNP_6520604,23564661,24719495,1154.835,3983,0.29,0.999,0.001
Archbold,Archbold,ALD05,ALD05,-9,CM083952.1,14,SNP_8140840,SNP_8156672,6506579,8138876,1632.298,7046,0.232,0.998,0.001
Archbold,Archbold,ALD05,ALD05,-9,CM083958.1,21,SNP_8965789,SNP_8968888,2334005,3676535,1342.531,1147,1.17,0.997,0.001
Archbold,Archbold,ALD05,ALD05,-9,CM083958.1,21,SNP_9012466,SNP_9023788,7799580,9124043,1324.464,4994,0.265,0.998,0.002
Archbold,Archbold,ALD06,ALD06,-9,CM083938.1,1A,SNP_1836620,SNP_1841313,70353238,71978830,1625.593,1651,0.985,0.998,0.002
Archbold,Archbold,ALD06,ALD06,-9,CM083939.1,2,SNP_2298433,SNP_2315644,53644516,55452498,1807.983,7730,0.234,0.999,0.001
Archbold,Archbold,ALD06,ALD06,-9,CM083939.1,2,SNP_2591010,SNP_2600340,90002238,91129958,1127.721,4272,0.264,0.998,0.001
Archbold,Archbold,ALD06,ALD06,-9,CM083939.1,2,SNP_2600355,SNP_2610702,91130592,92235613,1105.022,4744,0.233,1,0
Archbold,Archbold,ALD06,ALD06,-9,CM083939.1,2,SNP_2650969,SNP_2652676,96271442,97478822,1207.381,549,2.199,0.991,0.009
Archbold,Archbold,ALD06,ALD06,-9,CM083939.1,2,SNP_3236955,SNP_3255294,159634179,161514861,1880.683,7970,0.236,0.998,0.001
Archbold,Archbold,ALD06,ALD06,-9,CM083940.1,3,SNP_3749993,SNP_3762280,53568485,56104351,2535.867,5344,0.475,0.998,0.001
Archbold,Archbold,ALD06,ALD06,-9,CM083940.1,3,SNP_3912082,SNP_3927577,72437555,73910441,1472.887,6651,0.221,0.999,0.001
Archbold,Archbold,ALD06,ALD06,-9,CM083941.1,4,SNP_4710280,SNP_4724787,34674361,36055358,1380.998,6641,0.208,0.999,0
Archbold,Archbold,ALD06,ALD06,-9,CM083943.1,5,SNP_5553380,SNP_5571731,25597544,27441206,1843.663,8115,0.227,0.999,0.001
Archbold,Archbold,ALD06,ALD06,-9,CM083946.1,8,SNP_6835171,SNP_6845713,19344793,20439953,1095.161,4564,0.24,0.998,0.001
Archbold,Archbold,ALD06,ALD06,-9,CM083947.1,9,SNP_7072344,SNP_7095223,9225738,12622237,3396.5,9472,0.359,0.999,0.001
Archbold,Archbold,ALD06,ALD06,-9,CM083947.1,9,SNP_7125283,SNP_7135366,15953931,17005062,1051.132,4507,0.233,1,0
Archbold,Archbold,ALD06,ALD06,-9,CM083955.1,18,SNP_8543024,SNP_8554898,2005307,3520902,1515.596,5193,0.292,1,0
Archbold,Archbold,ALD06,ALD06,-9,CM083955.1,18,SNP_8554906,SNP_8559409,3521097,5118662,1597.566,1678,0.952,0.998,0.002
Archbold,Archbold,ALD08,ALD08,-9,CM083938.1,1A,SNP_1631274,SNP_1632477,47456981,49376141,1919.161,305,6.292,0.925,0.016
Archbold,Archbold,ALD09,ALD09,-9,CM083937.1,1,SNP_1014317,SNP_1022556,104597349,106357791,1760.443,3444,0.511,0.998,0.002
Archbold,Archbold,ALD09,ALD09,-9,CM083938.1,1A,SNP_1631337,SNP_1633015,47475630,49477811,2002.182,496,4.037,0.994,0.006
Archbold,Archbold,ALD09,ALD09,-9,CM083940.1,3,SNP_3756523,SNP_3757117,54342366,55536238,1193.873,111,10.756,0.982,0.018
Archbold,Archbold,ALD09,ALD09,-9,CM083940.1,3,SNP_4099911,SNP_4111383,91986985,93189374,1202.39,5183,0.232,0.996,0.004
Archbold,Archbold,ALD09,ALD09,-9,CM083941.1,4,SNP_4514951,SNP_4519450,9993797,11495919,1502.123,1575,0.954,0.992,0.007
Archbold,Archbold,ALD09,ALD09,-9,CM083960.1,23,SNP_9117320,SNP_9125130,2542585,4480847,1938.263,3173,0.611,0.995,0.005
Archbold,Archbold,ALD10,ALD10,-9,CM083938.1,1A,SNP_1631599,SNP_1632477,47547733,49376141,1828.409,187,9.778,0.941,0.016
Archbold,Archbold,ALD11,ALD11,-9,CM083938.1,1A,SNP_1631337,SNP_1632034,47475630,48991843,1516.214,136,11.149,0.993,0
Archbold,Archbold,ALD11,ALD11,-9,CM083938.1,1A,SNP_1838344,SNP_1841313,70730168,71978830,1248.663,990,1.261,0.993,0.007
Archbold,Archbold,ALD11,ALD11,-9,CM083946.1,8,SNP_6728467,SNP_6729814,5332088,6784397,1452.31,391,3.714,0.987,0.01
Archbold,Archbold,ALD12,ALD12,-9,CM083937.1,1,SNP_510118,SNP_522549,50713053,52002701,1289.649,5578,0.231,0.994,0.005
Archbold,Archbold,ALD12,ALD12,-9,CM083938.1,1A,SNP_1836522,SNP_1841313,70331063,71978830,1647.768,1681,0.98,0.996,0.004
Archbold,Archbold,ALD12,ALD12,-9,CM083939.1,2,SNP_2648711,SNP_2652972,95966678,97500140,1533.463,1604,0.956,0.997,0.003
Archbold,Archbold,ALD12,ALD12,-9,CM083946.1,8,SNP_6728194,SNP_6729990,5215435,6882056,1666.622,530,3.145,0.989,0.008
Archbold,Archbold,ALD12,ALD12,-9,CM083948.1,10,SNP_7398682,SNP_7404687,15133199,16196946,1063.748,2498,0.426,0.998,0.002
Archbold,Archbold,ALD13,ALD13,-9,CM083937.1,1,SNP_576079,SNP_585059,58437922,59616631,1178.71,3986,0.296,0.993,0.006
Archbold,Archbold,ALD13,ALD13,-9,CM083938.1,1A,SNP_1834382,SNP_1841313,70043370,71978830,1935.461,2557,0.757,0.995,0.005
Archbold,Archbold,ALD13,ALD13,-9,CM083960.1,23,SNP_9119608,SNP_9123676,3118127,4359004,1240.878,1659,0.748,0.993,0.005
Archbold,Archbold,ALD14,ALD14,-9,CM083938.1,1A,SNP_1836522,SNP_1841313,70331063,71978830,1647.768,1681,0.98,0.993,0.007
Archbold,Archbold,ALD14,ALD14,-9,CM083939.1,2,SNP_2647015,SNP_2654767,95803692,97713546,1909.855,3161,0.604,0.993,0.005
Archbold,Archbold,ALD14,ALD14,-9,CM083953.1,15,SNP_8364620,SNP_8365626,10628225,11750466,1122.242,335,3.35,0.985,0.015
Archbold,Archbold,ALD15,ALD15,-9,CM083939.1,2,SNP_2650976,SNP_2652676,96273653,97478822,1205.17,546,2.207,0.985,0.013
Archbold,Archbold,ALD15,ALD15,-9,CM083953.1,15,SNP_8364892,SNP_8365744,10745312,11785833,1040.522,281,3.703,0.979,0.018
Archbold,Archbold,ALD15,ALD15,-9,CM083958.1,21,SNP_8965696,SNP_8968866,2323415,3669135,1345.721,1181,1.139,0.989,0.008
Archbold,Archbold,ALD16,ALD16,-9,CM083937.1,1,SNP_1016051,SNP_1022556,104952973,106357791,1404.819,2759,0.509,0.996,0.003
Archbold,Archbold,ALD16,ALD16,-9,CM083940.1,3,SNP_3327153,SNP_3327819,3832,1702846,1699.015,158,10.753,0.968,0.019
Archbold,Archbold,ALD16,ALD16,-9,CM083940.1,3,SNP_3756523,SNP_3757129,54342366,55538683,1196.318,116,10.313,0.966,0.017
Archbold,Archbold,ALD16,ALD16,-9,CM083960.1,23,SNP_9117630,SNP_9121607,2596987,4102430,1505.444,1470,1.024,0.991,0.008
Archbold,Archbold,ALD17,ALD17,-9,CM083940.1,3,SNP_3756148,SNP_3757086,54297169,55530449,1233.281,227,5.433,0.925,0.013
Archbold,Archbold,ALD17,ALD17,-9,CM083942.1,4A,SNP_5219873,SNP_5220683,7929072,8955584,1026.513,291,3.528,0.966,0.01
Archbold,Archbold,ALD17,ALD17,-9,CM083946.1,8,SNP_6729298,SNP_6730300,5820359,7045486,1225.128,272,4.504,0.941,0.015
Archbold,Archbold,ALD18,ALD18,-9,CM083937.1,1,SNP_829394,SNP_840741,86400812,87471662,1070.851,5048,0.212,0.999,0.001
Archbold,Archbold,ALD18,ALD18,-9,CM083938.1,1A,SNP_1659437,SNP_1669732,52393985,53608217,1214.233,4480,0.271,1,0
Archbold,Archbold,ALD18,ALD18,-9,CM083938.1,1A,SNP_1707056,SNP_1716104,57661572,59562685,1901.114,4085,0.465,0.999,0.001
Archbold,Archbold,ALD18,ALD18,-9,CM083939.1,2,SNP_2641127,SNP_2654767,95154915,97713546,2558.632,5750,0.445,0.999,0.001
Archbold,Archbold,ALD18,ALD18,-9,CM083939.1,2,SNP_2893159,SNP_2899628,121796848,123054127,1257.28,2616,0.481,0.997,0.001
Archbold,Archbold,ALD18,ALD18,-9,CM083940.1,3,SNP_3756099,SNP_3756961,54287912,55510925,1223.014,199,6.146,0.985,0.015
Archbold,Archbold,ALD18,ALD18,-9,CM083941.1,4,SNP_4917635,SNP_4927825,58194604,59251133,1056.53,4420,0.239,1,0
Archbold,Archbold,ALD18,ALD18,-9,CM083943.1,5,SNP_5809431,SNP_5821085,55820754,57021914,1201.161,5198,0.231,1,0
Archbold,Archbold,ALD18,ALD18,-9,CM083945.1,7,SNP_6461001,SNP_6473840,17049388,18603328,1553.941,5649,0.275,0.999,0.001
Archbold,Archbold,ALD18,ALD18,-9,CM083948.1,10,SNP_7400378,SNP_7408900,15366899,18039865,2672.967,2981,0.897,0.999,0.001
Archbold,Archbold,ALD18,ALD18,-9,CM083949.1,11,SNP_7436870,SNP_7444125,85230,1231861,1146.632,2846,0.403,0.999,0.001
Archbold,Archbold,ALD18,ALD18,-9,CM083952.1,14,SNP_8141595,SNP_8160934,6568955,8557517,1988.563,8526,0.233,0.999,0
Archbold,Archbold,ALD19,ALD19,-9,CM083937.1,1,SNP_398394,SNP_417661,39542246,41776449,2234.204,8384,0.266,0.999,0
Archbold,Archbold,ALD19,ALD19,-9,CM083937.1,1,SNP_939188,SNP_960404,96766129,98855178,2089.05,9703,0.215,0.999,0.001
Archbold,Archbold,ALD19,ALD19,-9,CM083938.1,1A,SNP_1675318,SNP_1687975,54226912,55610755,1383.844,5730,0.242,1,0
Archbold,Archbold,ALD19,ALD19,-9,CM083938.1,1A,SNP_1688203,SNP_1705661,55782108,57529688,1747.581,7964,0.219,0.999,0
Archbold,Archbold,ALD19,ALD19,-9,CM083938.1,1A,SNP_1829473,SNP_1841313,69480127,71978830,2498.704,4740,0.527,0.998,0.002
Archbold,Archbold,ALD19,ALD19,-9,CM083938.1,1A,SNP_1841321,SNP_1855614,73172281,75792671,2620.391,5914,0.443,0.999,0
Archbold,Archbold,ALD19,ALD19,-9,CM083939.1,2,SNP_2384370,SNP_2386724,64374229,65814554,1440.326,605,2.381,0.998,0.002
Archbold,Archbold,ALD19,ALD19,-9,CM083939.1,2,SNP_2386758,SNP_2390759,67164436,68904343,1739.908,1062,1.638,0.997,0.003
Archbold,Archbold,ALD19,ALD19,-9,CM083939.1,2,SNP_2645215,SNP_2654767,95639029,97713546,2074.518,3999,0.519,1,0
Archbold,Archbold,ALD19,ALD19,-9,CM083939.1,2,SNP_2654777,SNP_2665494,97714172,98777596,1063.425,4715,0.226,0.998,0.001
Archbold,Archbold,ALD19,ALD19,-9,CM083940.1,3,SNP_3756099,SNP_3756961,54287912,55510925,1223.014,199,6.146,0.99,0.01
Archbold,Archbold,ALD19,ALD19,-9,CM083941.1,4,SNP_4422421,SNP_4429025,12998,1220494,1207.497,2950,0.409,0.999,0.001
Archbold,Archbold,ALD19,ALD19,-9,CM083941.1,4,SNP_4495807,SNP_4508327,7328213,8997599,1669.387,5385,0.31,0.998,0.001
Archbold,Archbold,ALD19,ALD19,-9,CM083941.1,4,SNP_4514032,SNP_4518313,9840007,11030310,1190.304,1561,0.763,0.999,0.001
Archbold,Archbold,ALD19,ALD19,-9,CM083941.1,4,SNP_4520993,SNP_4538114,13283957,16309517,3025.561,7045,0.429,1,0
Archbold,Archbold,ALD19,ALD19,-9,CM083941.1,4,SNP_4812856,SNP_4821888,46059518,47176097,1116.58,3896,0.287,0.999,0.001
Archbold,Archbold,ALD19,ALD19,-9,CM083946.1,8,SNP_6684399,SNP_6696686,275146,2125981,1850.836,5298,0.349,0.999,0.001
Archbold,Archbold,ALD19,ALD19,-9,CM083946.1,8,SNP_6831544,SNP_6842347,18964963,20104912,1139.95,4719,0.242,0.999,0.001
Archbold,Archbold,ALD19,ALD19,-9,CM083950.1,12,SNP_7717704,SNP_7728268,6228865,7358858,1129.994,4714,0.24,0.998,0.001
Archbold,Archbold,ALD20,ALD20,-9,CM083937.1,1,SNP_321067,SNP_335356,30861537,32619071,1757.535,6167,0.285,0.996,0.004
Archbold,Archbold,ALD20,ALD20,-9,CM083937.1,1,SNP_488921,SNP_500703,48437145,49729281,1292.137,5378,0.24,0.997,0.003
Archbold,Archbold,ALD20,ALD20,-9,CM083938.1,1A,SNP_1447797,SNP_1459089,27189390,28462776,1273.387,4987,0.255,0.998,0.002
Archbold,Archbold,ALD20,ALD20,-9,CM083938.1,1A,SNP_1467408,SNP_1492480,29314431,32344581,3030.151,11242,0.27,0.998,0.002
Archbold,Archbold,ALD20,ALD20,-9,CM083938.1,1A,SNP_1498549,SNP_1514514,33016008,34812620,1796.613,6894,0.261,0.998,0.002
Archbold,Archbold,ALD20,ALD20,-9,CM083938.1,1A,SNP_1514524,SNP_1552251,34813143,39057695,4244.553,16694,0.254,0.997,0.003
Archbold,Archbold,ALD20,ALD20,-9,CM083938.1,1A,SNP_1630836,SNP_1633015,47365481,49477811,2112.331,666,3.172,0.995,0.005
Archbold,Archbold,ALD20,ALD20,-9,CM083939.1,2,SNP_2385101,SNP_2386724,64575034,65814554,1239.521,378,3.279,0.992,0.008
Archbold,Archbold,ALD20,ALD20,-9,CM083939.1,2,SNP_2650976,SNP_2653140,96273653,97517490,1243.838,735,1.692,0.99,0.01
Archbold,Archbold,ALD20,ALD20,-9,CM083940.1,3,SNP_3755906,SNP_3757918,54263335,55655032,1391.698,695,2.002,0.993,0.007
Archbold,Archbold,ALD20,ALD20,-9,CM083940.1,3,SNP_4248979,SNP_4264433,108662033,110529242,1867.21,6619,0.282,0.997,0.003
Archbold,Archbold,ALD20,ALD20,-9,CM083941.1,4,SNP_4863842,SNP_4878161,51777095,53547076,1769.982,5975,0.296,0.996,0.004
Archbold,Archbold,ALD20,ALD20,-9,CM083941.1,4,SNP_5033426,SNP_5042894,70619548,71629362,1009.815,4189,0.241,0.997,0.003
Archbold,Archbold,ALD20,ALD20,-9,CM083945.1,7,SNP_6444971,SNP_6462218,15183398,17199447,2016.05,7600,0.265,0.996,0.004
Archbold,Archbold,ALD20,ALD20,-9,CM083948.1,10,SNP_7403746,SNP_7410288,16013691,18578323,2564.633,2017,1.272,0.997,0.003
Archbold,Archbold,ALD20,ALD20,-9,CM083953.1,15,SNP_8363096,SNP_8365625,10149576,11750439,1600.864,897,1.785,0.994,0.006
Archbold,Archbold,ALD20,ALD20,-9,CM083954.1,17,SNP_8511373,SNP_8519282,9541730,10585534,1043.805,3318,0.315,0.996,0.003
Archbold,Archbold,ALD21,ALD21,-9,CM083937.1,1,SNP_232265,SNP_242262,21251902,22286624,1034.723,4189,0.247,0.999,0.001
Archbold,Archbold,ALD21,ALD21,-9,CM083937.1,1,SNP_251191,SNP_262118,23149036,24152334,1003.299,4534,0.221,0.999,0.001
Archbold,Archbold,ALD21,ALD21,-9,CM083937.1,1,SNP_524109,SNP_535076,52163822,53354833,1191.012,4881,0.244,0.999,0.001
Archbold,Archbold,ALD21,ALD21,-9,CM083938.1,1A,SNP_1621206,SNP_1631695,46158605,47572670,1414.066,4297,0.329,1,0
Archbold,Archbold,ALD21,ALD21,-9,CM083938.1,1A,SNP_1688203,SNP_1698951,55782108,56854142,1072.035,4926,0.218,0.999,0.001
Archbold,Archbold,ALD21,ALD21,-9,CM083938.1,1A,SNP_1710531,SNP_1717821,57987870,59724992,1737.123,3188,0.545,0.999,0.001
Archbold,Archbold,ALD21,ALD21,-9,CM083939.1,2,SNP_2380060,SNP_2381671,62903710,63975284,1071.575,541,1.981,1,0
Archbold,Archbold,ALD21,ALD21,-9,CM083939.1,2,SNP_2533792,SNP_2548709,85006461,86322576,1316.116,6612,0.199,0.999,0
Archbold,Archbold,ALD21,ALD21,-9,CM083939.1,2,SNP_2548715,SNP_2572558,86322813,88386240,2063.428,10969,0.188,1,0
Archbold,Archbold,ALD21,ALD21,-9,CM083939.1,2,SNP_2607095,SNP_2621959,91852157,93237438,1385.282,6678,0.207,0.997,0.001
Archbold,Archbold,ALD21,ALD21,-9,CM083939.1,2,SNP_2633775,SNP_2651232,94407706,96703096,2295.391,7568,0.303,0.999,0.001
Archbold,Archbold,ALD21,ALD21,-9,CM083940.1,3,SNP_3406246,SNP_3421067,13642450,15159150,1516.701,6856,0.221,1,0
Archbold,Archbold,ALD21,ALD21,-9,CM083940.1,3,SNP_3421162,SNP_3424024,15210288,16728359,1518.072,1202,1.263,0.998,0.002
Archbold,Archbold,ALD21,ALD21,-9,CM083940.1,3,SNP_3848483,SNP_3861695,65598846,67030706,1431.861,5986,0.239,1,0
Archbold,Archbold,ALD21,ALD21,-9,CM083940.1,3,SNP_4130294,SNP_4146203,95278588,96969825,1691.238,7183,0.235,0.998,0.001
Archbold,Archbold,ALD21,ALD21,-9,CM083941.1,4,SNP_4914780,SNP_4928135,57935825,59279533,1343.709,5835,0.23,0.999,0.001
Archbold,Archbold,ALD21,ALD21,-9,CM083945.1,7,SNP_6488197,SNP_6501845,20649867,22387743,1737.877,5929,0.293,0.999,0.001
Archbold,Archbold,ALD21,ALD21,-9,CM083946.1,8,SNP_6728444,SNP_6731196,5322638,7395448,2072.811,819,2.531,0.995,0.004
Archbold,Archbold,ALD21,ALD21,-9,CM083946.1,8,SNP_6909758,SNP_6930991,26787305,28807208,2019.904,9451,0.214,0.999,0
Archbold,Archbold,ALD21,ALD21,-9,CM083951.1,13,SNP_7986513,SNP_8004857,9749953,13659362,3909.41,6939,0.563,0.998,0.002
Archbold,Archbold,ALD21,ALD21,-9,CM083951.1,13,SNP_8006285,SNP_8022240,13843097,15424734,1581.638,7164,0.221,0.998,0.001
Archbold,Archbold,ALD23,ALD23,-9,CM083937.1,1,SNP_332925,SNP_343828,32341045,33677301,1336.257,4900,0.273,0.999,0.001
Archbold,Archbold,ALD23,ALD23,-9,CM083937.1,1,SNP_472094,SNP_489648,46824096,48515606,1691.511,7630,0.222,1,0
Archbold,Archbold,ALD23,ALD23,-9,CM083937.1,1,SNP_489675,SNP_504267,48517468,50109644,1592.177,6668,0.239,1,0
Archbold,Archbold,ALD23,ALD23,-9,CM083938.1,1A,SNP_1409106,SNP_1418950,22672655,23773743,1101.089,4276,0.258,1,0
Archbold,Archbold,ALD23,ALD23,-9,CM083938.1,1A,SNP_1418973,SNP_1434349,23774683,25369026,1594.344,7092,0.225,0.998,0.001
Archbold,Archbold,ALD23,ALD23,-9,CM083938.1,1A,SNP_1845116,SNP_1858114,74635268,76040693,1405.426,5875,0.239,0.999,0.001
Archbold,Archbold,ALD23,ALD23,-9,CM083939.1,2,SNP_2175629,SNP_2185316,40302672,41400620,1097.949,4262,0.258,0.998,0.001
Archbold,Archbold,ALD23,ALD23,-9,CM083939.1,2,SNP_2336390,SNP_2346177,57665223,58756862,1091.64,4251,0.257,1,0
Archbold,Archbold,ALD23,ALD23,-9,CM083939.1,2,SNP_2541945,SNP_2554346,85750703,86810815,1060.113,5709,0.186,0.998,0.001
Archbold,Archbold,ALD23,ALD23,-9,CM083939.1,2,SNP_2646419,SNP_2655343,95752846,97773772,2020.927,3719,0.543,0.997,0.003
Archbold,Archbold,ALD23,ALD23,-9,CM083939.1,2,SNP_3200118,SNP_3211858,155376131,156775737,1399.607,5277,0.265,0.999,0.001
Archbold,Archbold,ALD23,ALD23,-9,CM083940.1,3,SNP_3421268,SNP_3424794,15547733,16804098,1256.366,1537,0.817,0.998,0.001
Archbold,Archbold,ALD23,ALD23,-9,CM083940.1,3,SNP_3504215,SNP_3527481,23926538,26006936,2080.399,10641,0.196,0.998,0.001
Archbold,Archbold,ALD23,ALD23,-9,CM083940.1,3,SNP_3540249,SNP_3559536,28814164,30753423,1939.26,8583,0.226,0.999,0.001
Archbold,Archbold,ALD23,ALD23,-9,CM083940.1,3,SNP_3559551,SNP_3573280,30754098,32115685,1361.588,5877,0.232,0.998,0.001
Archbold,Archbold,ALD23,ALD23,-9,CM083940.1,3,SNP_3573292,SNP_3594211,32117028,34440765,2323.738,9068,0.256,0.999,0.001
Archbold,Archbold,ALD23,ALD23,-9,CM083941.1,4,SNP_4440276,SNP_4454020,2377860,3657799,1279.94,6150,0.208,1,0
Archbold,Archbold,ALD23,ALD23,-9,CM083942.1,4A,SNP_5218252,SNP_5220764,7411713,9016522,1604.81,742,2.163,0.992,0.008
Archbold,Archbold,ALD23,ALD23,-9,CM083943.1,5,SNP_5384898,SNP_5390697,6281255,8692229,2410.975,2132,1.131,0.997,0.003
Archbold,Archbold,ALD23,ALD23,-9,CM083943.1,5,SNP_5675580,SNP_5689760,39598280,41365963,1767.684,5842,0.303,0.998,0.002
Archbold,Archbold,ALD23,ALD23,-9,CM083944.1,6,SNP_6022767,SNP_6031872,9220564,10221951,1001.388,3966,0.252,0.999,0.001
Archbold,Archbold,ALD23,ALD23,-9,CM083951.1,13,SNP_7995105,SNP_8000944,11482676,13063285,1580.61,1829,0.864,0.997,0.003
Archbold,Archbold,ALD24,ALD24,-9,CM083939.1,2,SNP_2650969,SNP_2652367,96271442,97440425,1168.984,389,3.005,0.982,0.005
Archbold,Archbold,ALD26,ALD26,-9,CM083938.1,1A,SNP_1438989,SNP_1451878,25999146,27670372,1671.227,5634,0.297,0.997,0.003
Archbold,Archbold,ALD26,ALD26,-9,CM083940.1,3,SNP_3421278,SNP_3424683,15548867,16794995,1246.129,1494,0.834,0.995,0.004
Archbold,Archbold,ALD26,ALD26,-9,CM083943.1,5,SNP_5503248,SNP_5513529,20401554,21579504,1177.951,4646,0.254,0.995,0.004
CBC,Cruickshank,CCK186,CCK186,-9,CM083937.1,1,SNP_1006171,SNP_1022556,103283570,106357791,3074.222,6935,0.443,0.997,0.002
CBC,Cruickshank,CCK186,CCK186,-9,CM083938.1,1A,SNP_1564697,SNP_1577818,40410226,41843134,1432.909,5637,0.254,0.995,0.004
CBC,Cruickshank,CCK186,CCK186,-9,CM083938.1,1A,SNP_1586659,SNP_1599164,42664215,43852017,1187.803,5646,0.21,0.996,0.003
CBC,Cruickshank,CCK186,CCK186,-9,CM083938.1,1A,SNP_1606538,SNP_1626699,44740154,46781922,2041.769,8837,0.231,0.994,0.003
CBC,Cruickshank,CCK186,CCK186,-9,CM083938.1,1A,SNP_1626706,SNP_1633684,46782663,49574734,2792.072,2572,1.086,0.993,0.004
CBC,Cruickshank,CCK186,CCK186,-9,CM083940.1,3,SNP_3420895,SNP_3421366,15103334,16324531,1221.198,109,11.204,0.954,0.018
CBC,Cruickshank,CCK186,CCK186,-9,CM083940.1,3,SNP_3697461,SNP_3713244,48066320,49645966,1579.647,7210,0.219,0.995,0.003
CBC,Cruickshank,CCK186,CCK186,-9,CM083940.1,3,SNP_3719833,SNP_3732423,50338232,51671767,1333.536,5414,0.246,0.994,0.004
CBC,Cruickshank,CCK186,CCK186,-9,CM083940.1,3,SNP_3756483,SNP_3757371,54340033,55585685,1245.653,209,5.96,0.962,0.019
CBC,Cruickshank,CCK186,CCK186,-9,CM083941.1,4,SNP_4730883,SNP_4738615,36640892,38398316,1757.425,3285,0.535,0.994,0.004
CBC,Cruickshank,CCK186,CCK186,-9,CM083941.1,4,SNP_4895626,SNP_4904942,55472365,56834554,1362.19,3975,0.343,0.996,0.003
CBC,Cruickshank,CCK186,CCK186,-9,CM083943.1,5,SNP_5678338,SNP_5691377,39965206,41552241,1587.036,5432,0.292,0.996,0.003
CBC,Cruickshank,CCK186,CCK186,-9,CM083943.1,5,SNP_5697600,SNP_5709601,42392188,43895207,1503.02,5013,0.3,0.996,0.003
CBC,Cruickshank,CCK186,CCK186,-9,CM083943.1,5,SNP_5725224,SNP_5734258,46182541,47315197,1132.657,3938,0.288,0.996,0.003
CBC,Cruickshank,CCK186,CCK186,-9,CM083946.1,8,SNP_6845462,SNP_6855764,20418891,21441903,1023.013,4379,0.234,0.993,0.005
CBC,Cruickshank,CCK26,CCK26,-9,CM083938.1,1A,SNP_1842981,SNP_1848903,73940709,75134649,1193.941,2304,0.518,0.992,0.008
CBC,Cruickshank,CCK26,CCK26,-9,CM083939.1,2,SNP_2584951,SNP_2598105,89455505,90716646,1261.142,5967,0.211,0.994,0.005
CBC,Cruickshank,CCK26,CCK26,-9,CM083939.1,2,SNP_2650107,SNP_2652329,96122789,97437553,1314.765,714,1.841,0.994,0.004
CBC,Cruickshank,CCK26,CCK26,-9,CM083942.1,4A,SNP_5220801,SNP_5229453,9042503,11028728,1986.226,3206,0.62,0.998,0.002
CBC,Cruickshank,CCK26,CCK26,-9,CM083946.1,8,SNP_6729484,SNP_6732613,6608268,7754977,1146.71,1051,1.091,0.996,0.004
CBC,Cruickshank,CCK26,CCK26,-9,CM083949.1,11,SNP_7437028,SNP_7443216,92693,1153081,1060.389,2429,0.437,0.995,0.005
CBC,Cruickshank,CCK27,CCK27,-9,CM083939.1,2,SNP_2650910,SNP_2651504,96256782,97336173,1079.392,103,10.48,0.903,0.019
CBC,Cruickshank,CCK29,CCK29,-9,CM083939.1,2,SNP_2650695,SNP_2652332,96212016,97437580,1225.565,477,2.569,0.973,0.01
CBC,Cruickshank,CCK30,CCK30,-9,CM083938.1,1A,SNP_1630840,SNP_1632181,47365966,49289320,1923.355,329,5.846,0.97,0.015
CBC,Cruickshank,CCK31,CCK31,-9,CM083939.1,2,SNP_2650519,SNP_2651616,96186171,97353544,1167.374,264,4.422,0.989,0.004
CBC,Cruickshank,CCK31,CCK31,-9,CM083940.1,3,SNP_3756523,SNP_3757110,54342366,55535104,1192.739,108,11.044,0.981,0.019
CBC,Cruickshank,CCK32,CCK32,-9,CM083940.1,3,SNP_3327153,SNP_3328024,3832,1738018,1734.187,245,7.078,0.967,0.02
CBC,Cruickshank,CCK33,CCK33,-9,CM083939.1,2,SNP_2650272,SNP_2651918,96153044,97398911,1245.868,495,2.517,0.982,0.012
CBC,Cruickshank,CCK37,CCK37,-9,CM083938.1,1A,SNP_1378634,SNP_1391348,19313296,20746079,1432.784,5618,0.255,0.996,0.004
CBC,Cruickshank,CCK37,CCK37,-9,CM083938.1,1A,SNP_1837056,SNP_1841313,70418172,71978830,1560.659,1476,1.057,0.993,0.007
CBC,Cruickshank,CCK37,CCK37,-9,CM083938.1,1A,SNP_1841428,SNP_1844476,73208872,74479186,1270.315,892,1.424,0.993,0.007
CBC,Cruickshank,CCK37,CCK37,-9,CM083939.1,2,SNP_2023359,SNP_2034786,9969879,11055039,1085.161,5136,0.211,0.996,0.003
CBC,Cruickshank,CCK37,CCK37,-9,CM083947.1,9,SNP_7239119,SNP_7247272,25981369,27096263,1114.895,3443,0.324,0.994,0.005
CBC,Cruickshank,CCK37,CCK37,-9,CM083953.1,15,SNP_8340707,SNP_8350667,7358279,8384039,1025.761,4529,0.226,0.995,0.004
CBC,Cruickshank,CCK37,CCK37,-9,CM083956.1,19,SNP_8768735,SNP_8776005,10189907,11226568,1036.662,2972,0.349,0.994,0.004
CBC,Cruickshank,CCK38,CCK38,-9,CM083937.1,1,SNP_1017316,SNP_1022482,105277839,106320273,1042.435,2330,0.447,0.988,0.008
CBC,Cruickshank,CCK38,CCK38,-9,CM083940.1,3,SNP_3421066,SNP_3421532,15159125,16372691,1213.567,111,10.933,0.946,0.018
CBC,Cruickshank,CCK38,CCK38,-9,CM083940.1,3,SNP_3756523,SNP_3757193,54342366,55550843,1208.478,140,8.632,0.986,0.007
CBC,Cruickshank,CCK39,CCK39,-9,CM083937.1,1,SNP_1019951,SNP_1024398,105726121,106768153,1042.033,1691,0.616,0.979,0.007
CBC,Cruickshank,CCK39,CCK39,-9,CM083940.1,3,SNP_3755185,SNP_3757524,54161663,55607781,1446.119,851,1.699,0.972,0.013
CBC,Cruickshank,CCK40,CCK40,-9,CM083938.1,1A,SNP_1631203,SNP_1632937,47428120,49464960,2036.841,518,3.932,0.959,0.015
CBC,Cruickshank,CCK400,CCK400,-9,CM083938.1,1A,SNP_1631402,SNP_1632034,47490370,48991843,1501.474,107,14.032,0.981,0
CBC,Cruickshank,CCK400,CCK400,-9,CM083939.1,2,SNP_2383861,SNP_2386724,64264702,65814554,1549.853,758,2.045,0.993,0.007
CBC,Cruickshank,CCK400,CCK400,-9,CM083940.1,3,SNP_3600091,SNP_3609780,37172025,38281640,1109.616,4266,0.26,0.996,0.003
CBC,Cruickshank,CCK400,CCK400,-9,CM083940.1,3,SNP_3630296,SNP_3643781,40611703,42167731,1556.029,5874,0.265,0.995,0.004
CBC,Cruickshank,CCK400,CCK400,-9,CM083941.1,4,SNP_4519474,SNP_4524257,12686596,14105349,1418.754,1622,0.875,0.993,0.004
CBC,Cruickshank,CCK400,CCK400,-9,CM083948.1,10,SNP_7351882,SNP_7364741,9874871,11535152,1660.282,5490,0.302,0.995,0.004
CBC,Cruickshank,CCK400,CCK400,-9,CM083948.1,10,SNP_7398584,SNP_7408891,15118714,18039155,2920.442,3692,0.791,0.995,0.004
CBC,Cruickshank,CCK400,CCK400,-9,CM083949.1,11,SNP_7512352,SNP_7523071,7022773,8236738,1213.966,4764,0.255,0.995,0.003
CBC,Cruickshank,CCK400,CCK400,-9,CM083951.1,13,SNP_7989863,SNP_7995187,10279849,11515136,1235.288,2086,0.592,0.996,0.004
CBC,Cruickshank,CCK400,CCK400,-9,CM083951.1,13,SNP_7996090,SNP_8000358,11848537,12978474,1129.938,1340,0.843,0.996,0.004
CBC,Cruickshank,CCK400,CCK400,-9,CM083956.1,19,SNP_8760026,SNP_8774865,9374469,10988536,1614.068,6523,0.247,0.994,0.005
CBC,Cruickshank,CCK408,CCK408,-9,CM083937.1,1,SNP_1015857,SNP_1022552,104916164,106355314,1439.151,2831,0.508,0.99,0.002
CBC,Cruickshank,CCK408,CCK408,-9,CM083960.1,23,SNP_9116895,SNP_9120386,2479477,3792638,1313.162,1321,0.994,0.985,0.009
CBC,Cruickshank,CCK410,CCK410,-9,CM083937.1,1,SNP_1016137,SNP_1021718,104972728,106208577,1235.85,2379,0.519,0.986,0.007
CBC,Cruickshank,CCK412,CCK412,-9,CM083937.1,1,SNP_1016137,SNP_1021718,104972728,106208577,1235.85,2379,0.519,0.987,0.008
CBC,Cruickshank,CCK413,CCK413,-9,CM083939.1,2,SNP_2650695,SNP_2652641,96212016,97474371,1262.356,639,1.976,0.986,0.011
CBC,Cruickshank,CCK419,CCK419,-9,CM083937.1,1,SNP_1016137,SNP_1021718,104972728,106208577,1235.85,2379,0.519,0.986,0.007
CBC,Cruickshank,CCK419,CCK419,-9,CM083940.1,3,SNP_3756523,SNP_3757527,54342366,55608277,1265.912,286,4.426,0.979,0.014
CBC,Cruickshank,CCK42,CCK42,-9,CM083940.1,3,SNP_3420895,SNP_3421356,15103334,16322376,1219.043,106,11.5,0.906,0.019
CBC,Cruickshank,CCK423,CCK423,-9,CM083937.1,1,SNP_79205,SNP_94921,6755896,8253031,1497.136,7236,0.207,0.996,0.003
CBC,Cruickshank,CCK423,CCK423,-9,CM083937.1,1,SNP_150241,SNP_162183,13129412,14369993,1240.582,5249,0.236,0.996,0.003
CBC,Cruickshank,CCK423,CCK423,-9,CM083937.1,1,SNP_388856,SNP_398382,38510933,39541333,1030.401,4134,0.249,0.997,0.002
CBC,Cruickshank,CCK423,CCK423,-9,CM083937.1,1,SNP_401899,SNP_415328,40000037,41525975,1525.939,5850,0.261,0.998,0.002
CBC,Cruickshank,CCK423,CCK423,-9,CM083938.1,1A,SNP_1844489,SNP_1865458,74479630,76722297,2242.668,9422,0.238,0.995,0.003
CBC,Cruickshank,CCK423,CCK423,-9,CM083938.1,1A,SNP_1891682,SNP_1900413,78860411,79941768,1081.358,3967,0.273,0.998,0.002
CBC,Cruickshank,CCK423,CCK423,-9,CM083939.1,2,SNP_2319988,SNP_2331381,55906174,57120538,1214.365,5185,0.234,0.997,0.003
CBC,Cruickshank,CCK423,CCK423,-9,CM083939.1,2,SNP_2365526,SNP_2386296,60776140,65232123,4455.984,8123,0.549,0.997,0.003
CBC,Cruickshank,CCK423,CCK423,-9,CM083939.1,2,SNP_2388749,SNP_2405460,68333911,71222064,2888.154,6458,0.447,0.997,0.002
CBC,Cruickshank,CCK423,CCK423,-9,CM083940.1,3,SNP_3731927,SNP_3753347,51614246,53952930,2338.685,9471,0.247,0.997,0.002
CBC,Cruickshank,CCK423,CCK423,-9,CM083940.1,3,SNP_3764878,SNP_3781726,56400968,58235309,1834.342,7618,0.241,0.996,0.003
CBC,Cruickshank,CCK423,CCK423,-9,CM083940.1,3,SNP_3791427,SNP_3802047,59137591,60267597,1130.007,4694,0.241,0.999,0.001
CBC,Cruickshank,CCK423,CCK423,-9,CM083944.1,6,SNP_6050390,SNP_6067259,11896396,13753794,1857.399,7106,0.261,0.998,0.001
CBC,Cruickshank,CCK423,CCK423,-9,CM083946.1,8,SNP_6728511,SNP_6734604,5352333,8166034,2813.702,2142,1.314,0.996,0.002
CBC,Cruickshank,CCK423,CCK423,-9,CM083946.1,8,SNP_6734616,SNP_6749828,8168042,9979024,1810.983,6897,0.263,0.995,0.004
CBC,Cruickshank,CCK423,CCK423,-9,CM083946.1,8,SNP_6868102,SNP_6880711,22749121,24124460,1375.34,5482,0.251,0.998,0.002
CBC,Cruickshank,CCK423,CCK423,-9,CM083946.1,8,SNP_6909440,SNP_6928082,26759803,28578744,1818.942,8264,0.22,0.996,0.003
CBC,Cruickshank,CCK423,CCK423,-9,CM083947.1,9,SNP_7041751,SNP_7055446,5589170,7180505,1591.336,6112,0.26,0.997,0.003
CBC,Cruickshank,CCK423,CCK423,-9,CM083947.1,9,SNP_7057291,SNP_7069569,7381320,8775713,1394.394,5374,0.259,0.997,0.003
CBC,Cruickshank,CCK423,CCK423,-9,CM083947.1,9,SNP_7069581,SNP_7078470,8776778,10247904,1471.127,3909,0.376,0.998,0.002
CBC,Cruickshank,CCK423,CCK423,-9,CM083947.1,9,SNP_7109481,SNP_7140858,14278479,17602328,3323.85,13851,0.24,0.997,0.002
CBC,Cruickshank,CCK423,CCK423,-9,CM083947.1,9,SNP_7163315,SNP_7179037,19912184,21314832,1402.649,7019,0.2,0.997,0.003
CBC,Cruickshank,CCK424,CCK424,-9,CM083937.1,1,SNP_434058,SNP_447375,43580923,44740481,1159.559,5586,0.208,0.994,0.004
CBC,Cruickshank,CCK424,CCK424,-9,CM083937.1,1,SNP_1015691,SNP_1021304,104880928,106103614,1222.687,2399,0.51,0.992,0.008
CBC,Cruickshank,CCK424,CCK424,-9,CM083941.1,4,SNP_4519796,SNP_4523489,12796969,13976381,1179.413,1187,0.994,0.992,0.007
CBC,Cruickshank,CCK424,CCK424,-9,CM083941.1,4,SNP_4524279,SNP_4527136,14106894,15216249,1109.356,977,1.135,0.992,0.007
CBC,Cruickshank,CCK424,CCK424,-9,CM083941.1,4,SNP_4737322,SNP_4738417,37255791,38304702,1048.912,385,2.724,0.995,0.005
CBC,Cruickshank,CCK424,CCK424,-9,CM083944.1,6,SNP_6076531,SNP_6088481,14785887,16247789,1461.903,4966,0.294,0.997,0.002
CBC,Cruickshank,CCK426,CCK426,-9,CM083943.1,5,SNP_5344734,SNP_5345537,24962,1382489,1357.528,282,4.814,0.979,0.007
CBC,Cruickshank,CCK427,CCK427,-9,CM083939.1,2,SNP_2284354,SNP_2299358,52188165,53737327,1549.163,6841,0.226,0.993,0.004
CBC,Cruickshank,CCK427,CCK427,-9,CM083939.1,2,SNP_2317698,SNP_2329604,55667843,56937497,1269.655,5352,0.237,0.995,0.004
CBC,Cruickshank,CCK427,CCK427,-9,CM083939.1,2,SNP_2429875,SNP_2438007,74184289,75216489,1032.201,3439,0.3,0.997,0.001
CBC,Cruickshank,CCK427,CCK427,-9,CM083939.1,2,SNP_2445513,SNP_2455803,76163770,77239063,1075.294,4769,0.225,0.995,0.003
CBC,Cruickshank,CCK427,CCK427,-9,CM083939.1,2,SNP_2509082,SNP_2520672,82810887,83916325,1105.439,5165,0.214,0.996,0.003
CBC,Cruickshank,CCK427,CCK427,-9,CM083939.1,2,SNP_2861379,SNP_2875430,118604211,119988050,1383.84,6271,0.221,0.995,0.005
CBC,Cruickshank,CCK427,CCK427,-9,CM083940.1,3,SNP_3420919,SNP_3424620,15107816,16789424,1681.609,1557,1.08,0.991,0.005
CBC,Cruickshank,CCK427,CCK427,-9,CM083940.1,3,SNP_3583730,SNP_3597145,33277209,34773494,1496.286,5844,0.256,0.995,0.004
CBC,Cruickshank,CCK427,CCK427,-9,CM083940.1,3,SNP_3600091,SNP_3609318,37172025,38243058,1071.034,4056,0.264,0.997,0.003
CBC,Cruickshank,CCK427,CCK427,-9,CM083940.1,3,SNP_3622165,SNP_3632851,39665377,40932082,1266.706,4780,0.265,0.998,0.002
CBC,Cruickshank,CCK427,CCK427,-9,CM083941.1,4,SNP_4737033,SNP_4739193,37226479,38758109,1531.631,581,2.636,0.986,0.014
CBC,Cruickshank,CCK427,CCK427,-9,CM083941.1,4,SNP_4863712,SNP_4889866,51759377,54801469,3042.093,11092,0.274,0.995,0.004
CBC,Cruickshank,CCK427,CCK427,-9,CM083941.1,4,SNP_4889877,SNP_4904942,54802300,56834554,2032.255,6491,0.313,0.995,0.004
CBC,Cruickshank,CCK427,CCK427,-9,CM083941.1,4,SNP_4904954,SNP_4914632,56834600,57925003,1090.404,4165,0.262,0.995,0.003
CBC,Cruickshank,CCK427,CCK427,-9,CM083941.1,4,SNP_4943518,SNP_4953053,61130814,62208665,1077.852,4073,0.265,0.994,0.004
CBC,Cruickshank,CCK427,CCK427,-9,CM083960.1,23,SNP_9117794,SNP_9120879,2620379,3933864,1313.486,1119,1.174,0.996,0.004
CBC,Cruickshank,CCK428,CCK428,-9,CM083937.1,1,SNP_164466,SNP_174958,14585997,15593424,1007.428,4669,0.216,0.991,0.004
CBC,Cruickshank,CCK428,CCK428,-9,CM083938.1,1A,SNP_1376648,SNP_1385840,19130476,20161420,1030.945,4014,0.257,0.992,0.007
CBC,Cruickshank,CCK428,CCK428,-9,CM083941.1,4,SNP_4737033,SNP_4738414,37226479,38304650,1078.172,527,2.046,0.987,0.011
CBC,Cruickshank,CCK429,CCK429,-9,CM083939.1,2,SNP_2651069,SNP_2651717,96284597,97364224,1079.628,132,8.179,0.97,0.015
CBC,Cruickshank,CCK43,CCK43,-9,CM083939.1,2,SNP_2651072,SNP_2651782,96284740,97374850,1090.111,149,7.316,0.953,0.027
CBC,Cruickshank,CCK430,CCK430,-9,CM083937.1,1,SNP_1015691,SNP_1021304,104880928,106103614,1222.687,2399,0.51,0.989,0.007
CBC,Cruickshank,CCK430,CCK430,-9,CM083941.1,4,SNP_4895948,SNP_4904284,55515087,56722995,1207.909,3543,0.341,0.992,0.005
CBC,Cruickshank,CCK430,CCK430,-9,CM083946.1,8,SNP_6728633,SNP_6730254,5399595,7018305,1618.711,462,3.504,0.978,0.017
CBC,Cruickshank,CCK44,CCK44,-9,CM083937.1,1,SNP_806725,SNP_810111,83374114,84583314,1209.201,1490,0.812,0.993,0.007
CBC,Cruickshank,CCK44,CCK44,-9,CM083938.1,1A,SNP_1418863,SNP_1431032,23765728,24977769,1212.042,5611,0.216,0.996,0.004
CBC,Cruickshank,CCK44,CCK44,-9,CM083938.1,1A,SNP_1631199,SNP_1636868,47427214,49942313,2515.1,2236,1.125,0.992,0.006
CBC,Cruickshank,CCK44,CCK44,-9,CM083940.1,3,SNP_3987912,SNP_3996764,80298921,81342703,1043.783,3762,0.277,0.995,0.005
CBC,Cruickshank,CCK44,CCK44,-9,CM083940.1,3,SNP_4005001,SNP_4016823,82136868,83164224,1027.357,5195,0.198,0.997,0.003
CBC,Cruickshank,CCK44,CCK44,-9,CM083943.1,5,SNP_5472508,SNP_5483635,17436937,18474435,1037.499,5272,0.197,0.995,0.005
CBC,Cruickshank,CCK44,CCK44,-9,CM083943.1,5,SNP_5642582,SNP_5653906,35904027,37348617,1444.591,4571,0.316,0.997,0.003
CBC,Cruickshank,CCK44,CCK44,-9,CM083948.1,10,SNP_7247305,SNP_7255227,36939,1121585,1084.647,3306,0.328,0.997,0.003
CBC,Cruickshank,CCK44,CCK44,-9,CM083957.1,20,SNP_8930114,SNP_8937608,14801786,15824398,1022.613,3298,0.31,0.996,0.003
CBC,Cruickshank,CCK45,CCK45,-9,CM083941.1,4,SNP_4737847,SNP_4739104,37318293,38630999,1312.707,150,8.751,0.967,0.007
CBC,Cruickshank,CCK46,CCK46,-9,CM083941.1,4,SNP_4737322,SNP_4738526,37255791,38384576,1128.786,392,2.88,0.977,0.013
CBC,Cruickshank,CCK46,CCK46,-9,CM083946.1,8,SNP_6729017,SNP_6729592,5633239,6648181,1014.943,162,6.265,0.981,0.019
CBC,Cruickshank,CCK48,CCK48,-9,CM083938.1,1A,SNP_1631220,SNP_1632034,47435201,48991843,1556.643,180,8.648,0.933,0.022
CBC,Cruickshank,CCK480,CCK480,-9,CM083939.1,2,SNP_2651074,SNP_2651782,96284791,97374850,1090.06,148,7.365,0.953,0.014
CBC,Cruickshank,CCK480,CCK480,-9,CM083941.1,4,SNP_4736406,SNP_4738914,37163867,38495047,1331.181,809,1.645,0.986,0.007
CBC,Cruickshank,CCK480,CCK480,-9,CM083944.1,6,SNP_6080744,SNP_6092719,15278940,16884980,1606.041,5090,0.316,0.991,0.005
CBC,Cruickshank,CCK486,CCK486,-9,CM083937.1,1,SNP_1015691,SNP_1021709,104880928,106205667,1324.74,2570,0.515,0.989,0.008
CBC,Cruickshank,CCK486,CCK486,-9,CM083941.1,4,SNP_4736044,SNP_4738526,37119375,38384576,1265.202,952,1.329,0.987,0.005
CBC,Cruickshank,CCK486,CCK486,-9,CM083942.1,4A,SNP_5218090,SNP_5220683,7355777,8955584,1599.808,774,2.067,0.986,0.01
CBC,Cruickshank,CCK486,CCK486,-9,CM083946.1,8,SNP_6730223,SNP_6734762,7005139,8186119,1180.981,1745,0.677,0.989,0.01
CBC,Cruickshank,CCK490,CCK490,-9,CM083937.1,1,SNP_1016131,SNP_1021719,104972351,106208618,1236.268,2385,0.518,0.961,0.008
CBC,Cruickshank,CCK490,CCK490,-9,CM083938.1,1A,SNP_1631485,SNP_1632288,47517356,49321639,1804.284,148,12.191,0.912,0.02
CBC,Cruickshank,CCK52,CCK52,-9,CM083940.1,3,SNP_3327153,SNP_3327707,3832,1684359,1680.528,101,16.639,0.95,0.01
CBC,Cruickshank,CCK54,CCK54,-9,CM083939.1,2,SNP_2650780,SNP_2651616,96230319,97353544,1123.226,192,5.85,0.938,0.01
CBC,Cruickshank,CCK54,CCK54,-9,CM083941.1,4,SNP_4737312,SNP_4738526,37254635,38384576,1129.942,398,2.839,0.93,0.008
CBC,Cruickshank,CCK55,CCK55,-9,CM083937.1,1,SNP_1013231,SNP_1018939,104380345,105562945,1182.601,2214,0.534,0.994,0.006
CBC,Cruickshank,CCK55,CCK55,-9,CM083938.1,1A,SNP_1593820,SNP_1604121,43403469,44458341,1054.873,4548,0.232,0.995,0.005
CBC,Cruickshank,CCK55,CCK55,-9,CM083938.1,1A,SNP_1631635,SNP_1634228,47555864,49646245,2090.382,891,2.346,0.996,0.004
CBC,Cruickshank,CCK55,CCK55,-9,CM083941.1,4,SNP_4737464,SNP_4738526,37276902,38384576,1107.675,322,3.44,0.994,0.006
CBC,Cruickshank,CCK55,CCK55,-9,CM083941.1,4,SNP_4893435,SNP_4904325,55215688,56731288,1515.601,4726,0.321,0.995,0.005
CBC,Cruickshank,CCK55,CCK55,-9,CM083943.1,5,SNP_5697600,SNP_5708050,42392188,43710036,1317.849,4319,0.305,0.996,0.004
CBC,Cruickshank,CCK55,CCK55,-9,CM083943.1,5,SNP_5713607,SNP_5721279,44500915,45613511,1112.597,3348,0.332,0.994,0.006
Merritt Island,Canaveral National Seashore,CNS214,CNS214,-9,CM083937.1,1,SNP_1012703,SNP_1022333,104296725,106300836,2004.112,4015,0.499,0.987,0.006
Merritt Island,Canaveral National Seashore,CNS215,CNS215,-9,CM083939.1,2,SNP_2651071,SNP_2652577,96284640,97466491,1181.852,478,2.472,0.981,0.013
Merritt Island,Canaveral National Seashore,CNS215,CNS215,-9,CM083940.1,3,SNP_3756086,SNP_3756820,54285811,55351886,1066.076,169,6.308,0.935,0.018
Merritt Island,Canaveral National Seashore,CNS215,CNS215,-9,CM083941.1,4,SNP_4737710,SNP_4738902,37304633,38492690,1188.058,203,5.853,0.97,0.005
Merritt Island,Canaveral National Seashore,CNS216,CNS216,-9,CM083938.1,1A,SNP_1631292,SNP_1632128,47462818,49264830,1802.013,175,10.297,0.966,0.023
Merritt Island,Canaveral National Seashore,CNS216,CNS216,-9,CM083939.1,2,SNP_2650829,SNP_2651797,96239439,97377360,1137.922,239,4.761,0.967,0.021
Merritt Island,Canaveral National Seashore,CNS216,CNS216,-9,CM083940.1,3,SNP_3756118,SNP_3756820,54291571,55351886,1060.316,155,6.841,0.974,0.013
Merritt Island,Canaveral National Seashore,CNS217,CNS217,-9,CM083938.1,1A,SNP_1631623,SNP_1632285,47552575,49320694,1768.12,103,17.166,0.951,0.01
Merritt Island,Canaveral National Seashore,CNS218,CNS218,-9,CM083940.1,3,SNP_3756127,SNP_3756820,54293811,55351886,1058.076,150,7.054,0.98,0.02
SL,South Lake,EF244,EF244,-9,CM083938.1,1A,SNP_1714732,SNP_1715399,58438872,59440519,1001.648,194,5.163,0.985,0.015
SL,South Lake,EF244,EF244,-9,CM083941.1,4,SNP_4737033,SNP_4738914,37226479,38495047,1268.569,551,2.302,0.98,0.013
SL,South Lake,EF245,EF245,-9,CM083937.1,1,SNP_1010698,SNP_1022556,103930694,106357791,2427.098,4932,0.492,0.995,0.003
SL,South Lake,EF245,EF245,-9,CM083937.1,1,SNP_1022665,SNP_1029216,106379326,107475475,1096.15,2574,0.426,0.993,0.004
SL,South Lake,EF245,EF245,-9,CM083941.1,4,SNP_4736385,SNP_4738902,37161991,38492690,1330.7,819,1.625,0.983,0.012
SL,South Lake,EF245,EF245,-9,CM083944.1,6,SNP_6077570,SNP_6088480,14917733,16247746,1330.014,4588,0.29,0.995,0.003
SL,South Lake,EF245,EF245,-9,CM083944.1,6,SNP_6088489,SNP_6095578,16248016,17249030,1001.015,3049,0.328,0.993,0.004
SL,South Lake,EF245,EF245,-9,CM083953.1,15,SNP_8363600,SNP_8365817,10282432,11812115,1529.684,774,1.976,0.986,0.013
SL,South Lake,EF247,EF247,-9,CM083955.1,18,SNP_8554924,SNP_8556797,3523216,4579509,1056.294,659,1.603,0.977,0.015
SL,South Lake,FOX62,FOX62,-9,CM083939.1,2,SNP_2383823,SNP_2386355,64259584,65263975,1004.392,699,1.437,0.991,0.009
SL,South Lake,FOX62,FOX62,-9,CM083939.1,2,SNP_2389574,SNP_2395595,68593517,69616820,1023.304,2315,0.442,0.997,0.003
SL,South Lake,FOX62,FOX62,-9,CM083941.1,4,SNP_4735680,SNP_4738914,37084186,38495047,1410.862,1115,1.265,0.997,0.003
SL,South Lake,FOX62,FOX62,-9,CM083942.1,4A,SNP_5219114,SNP_5222131,7700902,9405721,1704.82,922,1.849,0.99,0.01
SL,South Lake,FOX62,FOX62,-9,CM083942.1,4A,SNP_5222849,SNP_5227747,9588116,10784869,1196.754,1817,0.659,0.996,0.004
SL,South Lake,FOX62,FOX62,-9,CM083955.1,18,SNP_8555456,SNP_8559321,4015408,5108991,1093.584,1442,0.758,0.998,0.002
SL,South Lake,FOX63,FOX63,-9,CM083941.1,4,SNP_4736385,SNP_4739244,37161991,38762049,1600.059,878,1.822,0.989,0.011
SL,South Lake,FOX63,FOX63,-9,CM083945.1,7,SNP_6471691,SNP_6480411,18315023,19512902,1197.88,3680,0.326,0.995,0.005
SL,South Lake,FOX64,FOX64,-9,CM083939.1,2,SNP_2380027,SNP_2381289,62895416,63899623,1004.208,390,2.575,0.992,0.008
Merritt Island,Happy Creek,HCK128,HCK128,-9,CM083939.1,2,SNP_2650889,SNP_2651797,96254056,97377360,1123.305,216,5.2,0.954,0.023
Merritt Island,Happy Creek,HCK131,HCK131,-9,CM083937.1,1,SNP_1015691,SNP_1021298,104880928,106102798,1221.871,2397,0.51,0.992,0.007
Merritt Island,Happy Creek,HCK131,HCK131,-9,CM083938.1,1A,SNP_1630840,SNP_1632284,47365966,49320393,1954.428,369,5.297,0.984,0.014
Merritt Island,Happy Creek,HCK131,HCK131,-9,CM083938.1,1A,SNP_1714519,SNP_1715306,58394748,59426425,1031.678,243,4.246,0.988,0.012
Merritt Island,Happy Creek,HCK131,HCK131,-9,CM083940.1,3,SNP_4137100,SNP_4148711,95991929,97222362,1230.434,5122,0.24,0.996,0.003
Merritt Island,Happy Creek,HCK131,HCK131,-9,CM083953.1,15,SNP_8364994,SNP_8365823,10782850,11813831,1030.982,283,3.643,0.989,0.011
Merritt Island,Happy Creek,HCK132,HCK132,-9,CM083938.1,1A,SNP_1631401,SNP_1633572,47490226,49558907,2068.682,678,3.051,0.994,0.006
Merritt Island,Happy Creek,HCK132,HCK132,-9,CM083940.1,3,SNP_3756448,SNP_3757110,54339254,55535104,1195.851,116,10.309,0.983,0.017
Merritt Island,Happy Creek,HCK133,HCK133,-9,CM083938.1,1A,SNP_1623097,SNP_1632034,46377915,48991843,2613.929,3441,0.76,0.997,0.002
Merritt Island,Happy Creek,HCK133,HCK133,-9,CM083942.1,4A,SNP_5211350,SNP_5218322,6293668,7440754,1147.087,3065,0.374,0.993,0.007
Merritt Island,Happy Creek,HCK133,HCK133,-9,CM083942.1,4A,SNP_5222157,SNP_5227751,9407731,10785332,1377.602,2056,0.67,0.994,0.005
Merritt Island,Happy Creek,HCK133,HCK133,-9,CM083942.1,4A,SNP_5248664,SNP_5255387,13183790,14335479,1151.69,3019,0.381,0.997,0.002
Merritt Island,Happy Creek,HCK133,HCK133,-9,CM083943.1,5,SNP_5722940,SNP_5731930,45840774,47000738,1159.965,3833,0.303,0.995,0.004
Merritt Island,Happy Creek,HCK141,HCK141,-9,CM083937.1,1,SNP_702136,SNP_717756,71925714,73520927,1595.214,6902,0.231,0.996,0.003
Merritt Island,Happy Creek,HCK141,HCK141,-9,CM083937.1,1,SNP_807578,SNP_810119,83530504,84583962,1053.459,1130,0.932,0.995,0.004
Merritt Island,Happy Creek,HCK141,HCK141,-9,CM083939.1,2,SNP_2376559,SNP_2384582,62249945,64432770,2182.826,2954,0.739,0.996,0.003
Merritt Island,Happy Creek,HCK141,HCK141,-9,CM083939.1,2,SNP_2384595,SNP_2386724,64434625,65814554,1379.93,522,2.644,0.996,0.004
Merritt Island,Happy Creek,HCK141,HCK141,-9,CM083941.1,4,SNP_4509636,SNP_4516183,9182756,10327154,1144.399,2967,0.386,0.996,0.003
Merritt Island,Happy Creek,HCK141,HCK141,-9,CM083941.1,4,SNP_4519796,SNP_4523242,12796969,13936213,1139.245,1085,1.05,0.994,0.004
Merritt Island,Happy Creek,HCK141,HCK141,-9,CM083941.1,4,SNP_4523373,SNP_4525869,13952244,14983545,1031.302,890,1.159,0.994,0.004
Merritt Island,Happy Creek,HCK141,HCK141,-9,CM083943.1,5,SNP_5387746,SNP_5390698,7016957,8692241,1675.285,1011,1.657,0.991,0.008
Merritt Island,Happy Creek,HCK141,HCK141,-9,CM083943.1,5,SNP_5390807,SNP_5395514,8721796,10030722,1308.927,1798,0.728,0.989,0.01
Merritt Island,Happy Creek,HCK142,HCK142,-9,CM083938.1,1A,SNP_1626428,SNP_1634922,46753422,49726156,2972.735,3250,0.915,0.996,0.004
Merritt Island,Happy Creek,HCK142,HCK142,-9,CM083939.1,2,SNP_2194731,SNP_2207522,42475827,43924203,1448.377,5361,0.27,0.994,0.005
Merritt Island,Happy Creek,HCK221,HCK221,-9,CM083939.1,2,SNP_3116434,SNP_3124199,145781930,146791863,1009.934,3272,0.309,0.995,0.005
Merritt Island,Happy Creek,HCK221,HCK221,-9,CM083943.1,5,SNP_5614547,SNP_5623313,32586387,33602137,1015.751,3940,0.258,0.994,0.005
Merritt Island,Happy Creek,HCK221,HCK221,-9,CM083947.1,9,SNP_7073581,SNP_7080943,9538268,10593219,1054.952,2997,0.352,0.995,0.004
Merritt Island,Happy Creek,HCK221,HCK221,-9,CM083948.1,10,SNP_7354912,SNP_7366059,10247570,11653674,1406.105,4793,0.293,0.994,0.005
Merritt Island,Happy Creek,HCK221,HCK221,-9,CM083960.1,23,SNP_9117892,SNP_9120142,2639480,3710203,1070.724,807,1.327,0.993,0.006
Merritt Island,Happy Creek,HCK226,HCK226,-9,CM083938.1,1A,SNP_1630572,SNP_1632034,47302437,48991843,1689.407,393,4.299,0.99,0.008
Merritt Island,Happy Creek,HCK226,HCK226,-9,CM083940.1,3,SNP_3755750,SNP_3756952,54243174,55508437,1265.264,358,3.534,0.972,0.02
Merritt Island,Happy Creek,HCK226,HCK226,-9,CM083940.1,3,SNP_4210335,SNP_4222112,103892722,105423422,1530.701,5159,0.297,0.993,0.005
Merritt Island,Happy Creek,HCK226,HCK226,-9,CM083943.1,5,SNP_5389901,SNP_5393968,7741035,9745004,2003.97,1409,1.422,0.99,0.005
Merritt Island,Happy Creek,HCK438,HCK438,-9,CM083937.1,1,SNP_1016137,SNP_1021131,104972728,106071267,1098.54,2124,0.517,0.991,0.008
Merritt Island,Happy Creek,HCK438,HCK438,-9,CM083940.1,3,SNP_3755548,SNP_3757110,54220868,55535104,1314.237,517,2.542,0.979,0.014
Merritt Island,Happy Creek,HCK445,HCK445,-9,CM083937.1,1,SNP_995009,SNP_1005526,102129775,103212532,1082.758,4746,0.228,0.999,0.001
Merritt Island,Happy Creek,HCK445,HCK445,-9,CM083937.1,1,SNP_1006169,SNP_1026116,103283474,106968138,3684.665,8188,0.45,0.999,0
Merritt Island,Happy Creek,HCK445,HCK445,-9,CM083937.1,1,SNP_1026129,SNP_1035657,106969258,108208237,1238.98,4273,0.29,0.997,0.002
Merritt Island,Happy Creek,HCK445,HCK445,-9,CM083938.1,1A,SNP_1596696,SNP_1606505,43652917,44737403,1084.487,4331,0.25,0.999,0.001
Merritt Island,Happy Creek,HCK445,HCK445,-9,CM083940.1,3,SNP_4280436,SNP_4290702,112401208,113413093,1011.886,4528,0.223,0.997,0.002
Merritt Island,Happy Creek,HCK448,HCK448,-9,CM083937.1,1,SNP_314887,SNP_325485,30098395,31426240,1327.846,4559,0.291,0.996,0.004
Merritt Island,Happy Creek,HCK448,HCK448,-9,CM083938.1,1A,SNP_1631337,SNP_1632100,47475630,49259526,1783.897,140,12.742,0.993,0.007
Merritt Island,Happy Creek,HCK448,HCK448,-9,CM083939.1,2,SNP_2379621,SNP_2382977,62822846,64148908,1326.063,1262,1.051,0.997,0.003
Merritt Island,Happy Creek,HCK448,HCK448,-9,CM083943.1,5,SNP_5774277,SNP_5782516,51898692,52899687,1000.996,3774,0.265,0.996,0.003
Merritt Island,Happy Creek,HCK448,HCK448,-9,CM083943.1,5,SNP_5782520,SNP_5793396,52899926,54031751,1131.826,4674,0.242,0.993,0.005
Merritt Island,Happy Creek,HCKW123,HCKW123,-9,CM083937.1,1,SNP_1014540,SNP_1021131,104657075,106071267,1414.193,2775,0.51,0.99,0.005
Merritt Island,Happy Creek,HCKW123,HCKW123,-9,CM083938.1,1A,SNP_1631712,SNP_1632411,47573616,49351184,1777.569,125,14.221,0.976,0.024
Merritt Island,Happy Creek,HCKW123,HCKW123,-9,CM083940.1,3,SNP_3394436,SNP_3400100,11201251,12828453,1627.203,2012,0.809,0.991,0.006
Merritt Island,Happy Creek,HCKW123,HCKW123,-9,CM083941.1,4,SNP_4736662,SNP_4739820,37187513,38813885,1626.373,1022,1.591,0.977,0.006
Merritt Island,Happy Creek,HCKW123,HCKW123,-9,CM083958.1,21,SNP_8968446,SNP_8969751,2868648,3921930,1053.283,322,3.271,0.981,0.012
Merritt Island,Happy Creek,HCKW442,HCKW442,-9,CM083939.1,2,SNP_2091890,SNP_2101603,16596632,17599293,1002.662,4251,0.236,0.997,0.002
Merritt Island,Happy Creek,HCKW442,HCKW442,-9,CM083943.1,5,SNP_5344734,SNP_5345681,24962,1400056,1375.095,354,3.884,0.992,0.008
Merritt Island,Happy Creek,HCKW442,HCKW442,-9,CM083943.1,5,SNP_5720978,SNP_5729573,45574913,46719855,1144.943,3709,0.309,0.996,0.003
Merritt Island,Happy Creek,HCKW442,HCKW442,-9,CM083948.1,10,SNP_7399295,SNP_7406700,15223158,16749095,1525.938,2906,0.525,0.998,0.002
Merritt Island,Happy Creek,HCKW442,HCKW442,-9,CM083948.1,10,SNP_7406725,SNP_7411940,16754527,18908099,2153.573,1612,1.336,0.998,0.001
Merritt Island,Happy Creek,HCKW98,HCKW98,-9,CM083937.1,1,SNP_1014161,SNP_1022556,104567749,106357791,1790.043,3494,0.512,0.995,0.005
Merritt Island,Happy Creek,HCKW98,HCKW98,-9,CM083939.1,2,SNP_2650808,SNP_2653244,96235792,97530736,1294.945,862,1.502,0.995,0.003
Merritt Island,Happy Creek,HCKW98,HCKW98,-9,CM083939.1,2,SNP_3132652,SNP_3141545,147731899,148813021,1081.123,3875,0.279,0.995,0.003
Merritt Island,Happy Creek,HCKW98,HCKW98,-9,CM083943.1,5,SNP_5386718,SNP_5389929,6724541,7747701,1023.161,1164,0.879,0.988,0.009
Merritt Island,Happy Creek,HCKW98,HCKW98,-9,CM083943.1,5,SNP_5391672,SNP_5396115,9041136,10144787,1103.652,1774,0.622,0.99,0.008
Merritt Island,Happy Creek,HCKW98,HCKW98,-9,CM083943.1,5,SNP_5800193,SNP_5811371,54859634,56001874,1142.241,4854,0.235,0.992,0.006
SBC,Malabar,MALB379,MALB379,-9,CM083938.1,1A,SNP_1631599,SNP_1632379,47547733,49345851,1798.119,150,11.987,0.94,0.027
SBC,Malabar,MALB379,MALB379,-9,CM083941.1,4,SNP_4737033,SNP_4739695,37226479,38801979,1575.501,823,1.914,0.974,0.012
SBC,Malabar,MALB382,MALB382,-9,CM083938.1,1A,SNP_1631292,SNP_1632034,47462818,48991843,1529.026,159,9.617,0.987,0.013
SBC,Malabar,MALB382,MALB382,-9,CM083953.1,15,SNP_8365179,SNP_8366274,10870406,12000024,1129.619,373,3.028,0.984,0.011
SBC,Malabar,MALB398,MALB398,-9,CM083939.1,2,SNP_2380122,SNP_2382514,62993051,64091633,1098.583,914,1.202,0.995,0.004
SBC,Malabar,MALB398,MALB398,-9,CM083939.1,2,SNP_2936177,SNP_2951454,126576356,128037512,1461.157,6849,0.213,0.995,0.003
SBC,Malabar,MALB398,MALB398,-9,CM083939.1,2,SNP_2966214,SNP_2975734,129525415,130562459,1037.045,4026,0.258,0.996,0.002
SBC,Malabar,MALB398,MALB398,-9,CM083940.1,3,SNP_3692098,SNP_3702975,47487256,48550827,1063.572,4789,0.222,0.995,0.004
SBC,Malabar,MALB398,MALB398,-9,CM083940.1,3,SNP_3736245,SNP_3747199,52054327,53243414,1189.088,4810,0.247,0.993,0.006
SBC,Malabar,MALB398,MALB398,-9,CM083940.1,3,SNP_3757964,SNP_3766985,55659274,56660639,1001.366,4000,0.25,0.995,0.005
SBC,Malabar,MALB398,MALB398,-9,CM083941.1,4,SNP_4514172,SNP_4518701,9862530,11109272,1246.743,1641,0.76,0.996,0.004
SBC,Malabar,MALB398,MALB398,-9,CM083941.1,4,SNP_4524580,SNP_4527097,14174872,15210699,1035.828,852,1.216,0.995,0.005
SBC,Malabar,MALB452,MALB452,-9,CM083939.1,2,SNP_2649001,SNP_2651463,95996328,97329194,1332.867,891,1.496,0.981,0.007
SBC,Malabar,MALB497,MALB497,-9,CM083938.1,1A,SNP_1408702,SNP_1419303,22636016,23814345,1178.33,4633,0.254,0.995,0.005
SBC,Malabar,MALB497,MALB497,-9,CM083943.1,5,SNP_5725066,SNP_5734258,46158424,47315197,1156.774,4001,0.289,0.996,0.003
SBC,Malabar,MALB497,MALB497,-9,CM083952.1,14,SNP_8146222,SNP_8161515,7042145,8618881,1576.737,6586,0.239,0.995,0.004
SBC,Malabar,MALB498,MALB498,-9,CM083939.1,2,SNP_2650679,SNP_2651375,96209051,97324127,1115.077,155,7.194,0.968,0.019
SBC,Malabar,MALB498,MALB498,-9,CM083946.1,8,SNP_6729393,SNP_6730557,5853549,7164572,1311.024,298,4.399,0.99,0.01
SBC,Malabar,MALB498,MALB498,-9,CM083948.1,10,SNP_7406726,SNP_7408892,16754702,18039189,1284.488,509,2.524,0.971,0.022
SBC,Malabar,MALB499,MALB499,-9,CM083937.1,1,SNP_1015834,SNP_1021132,104910713,106071367,1160.655,2251,0.516,0.987,0.004
SBC,Malabar,MALB499,MALB499,-9,CM083946.1,8,SNP_6728719,SNP_6729541,5441001,6623058,1182.058,232,5.095,0.978,0.017
SBC,Malabar,MALB500,MALB500,-9,CM083941.1,4,SNP_4737322,SNP_4739030,37255791,38510922,1255.132,412,3.046,0.944,0.015
SBC,Malabar,MALB82,MALB82,-9,CM083940.1,3,SNP_3756316,SNP_3757374,54321398,55585829,1264.432,256,4.939,0.961,0.012
SBC,Malabar,MALB82,MALB82,-9,CM083941.1,4,SNP_4737323,SNP_4739283,37255913,38765160,1509.248,489,3.086,0.967,0.006
SBC,Malabar,MALB83,MALB83,-9,CM083937.1,1,SNP_1015691,SNP_1021304,104880928,106103614,1222.687,2399,0.51,0.985,0.007
SBC,Malabar,MALB83,MALB83,-9,CM083942.1,4A,SNP_5219382,SNP_5220674,7785023,8954571,1169.549,405,2.888,0.985,0.007
SBC,Micco,MICO237,MICO237,-9,CM083940.1,3,SNP_3756450,SNP_3757167,54339293,55545654,1206.362,137,8.806,0.905,0.015
SBC,Micco,MICO239,MICO239,-9,CM083938.1,1A,SNP_1320353,SNP_1331142,13361133,14467495,1106.363,4813,0.23,0.996,0.003
SBC,Micco,MICO239,MICO239,-9,CM083939.1,2,SNP_2549767,SNP_2565259,86433328,87750805,1317.478,7112,0.185,0.996,0.004
SBC,Micco,MICO239,MICO239,-9,CM083940.1,3,SNP_3384266,SNP_3393024,7401191,8844850,1443.66,3554,0.406,0.999,0.001
SBC,Micco,MICO239,MICO239,-9,CM083940.1,3,SNP_3394436,SNP_3408163,11201251,13827499,2626.249,5559,0.472,0.997,0.001
SBC,Micco,MICO239,MICO239,-9,CM083942.1,4A,SNP_5219878,SNP_5220674,7929606,8954571,1024.966,288,3.559,0.983,0.014
SBC,Micco,MICO239,MICO239,-9,CM083947.1,9,SNP_7188665,SNP_7201732,22112747,23223461,1110.715,6006,0.185,0.996,0.003
SBC,Micco,MICO239,MICO239,-9,CM083951.1,13,SNP_7984611,SNP_7993268,9525764,10908519,1382.756,3754,0.368,0.997,0.003
SBC,Micco,MICO239,MICO239,-9,CM083951.1,13,SNP_7996079,SNP_8001277,11847726,13125102,1277.377,1703,0.75,0.996,0.004
SBC,Micco,MICO240,MICO240,-9,CM083942.1,4A,SNP_5219802,SNP_5220674,7907181,8954571,1047.391,311,3.368,0.974,0.019
SBC,Micco,MICO240,MICO240,-9,CM083943.1,5,SNP_5388409,SNP_5390665,7256602,8684317,1427.716,780,1.83,0.974,0.018
SBC,Micco,MICO240,MICO240,-9,CM083943.1,5,SNP_5390763,SNP_5394798,8710391,9923894,1213.504,1481,0.819,0.983,0.01
SBC,Micco,MICO240,MICO240,-9,CM083946.1,8,SNP_6727575,SNP_6729554,5076731,6627524,1550.794,675,2.297,0.987,0.009
SBC,Micco,MICO241,MICO241,-9,CM083938.1,1A,SNP_1630466,SNP_1631946,47280258,48432457,1152.2,425,2.711,0.988,0.009
SBC,Micco,MICO241,MICO241,-9,CM083939.1,2,SNP_2650793,SNP_2651615,96232583,97353501,1120.919,187,5.994,0.984,0.016
SBC,Micco,MICO241,MICO241,-9,CM083940.1,3,SNP_3420972,SNP_3421518,15115207,16370668,1255.462,133,9.44,0.985,0.015
SBC,Micco,MICO241,MICO241,-9,CM083941.1,4,SNP_4514034,SNP_4519450,9840182,11495919,1655.738,1985,0.834,0.989,0.009
SBC,Micco,MICO241,MICO241,-9,CM083941.1,4,SNP_4522077,SNP_4527777,13646773,15296863,1650.091,2178,0.758,0.989,0.008
SL,South Lake,NORT384,NORT384,-9,CM083937.1,1,SNP_602511,SNP_612969,61352672,62390460,1037.789,4724,0.22,0.997,0.003
SL,South Lake,NORT384,NORT384,-9,CM083937.1,1,SNP_612982,SNP_629640,62391260,64234815,1843.556,7364,0.25,0.997,0.003
SL,South Lake,NORT384,NORT384,-9,CM083940.1,3,SNP_3420460,SNP_3421468,15064966,16364681,1299.716,373,3.484,0.987,0.008
SL,South Lake,NORT384,NORT384,-9,CM083940.1,3,SNP_4092299,SNP_4103152,91178186,92344906,1166.721,4972,0.235,0.996,0.004
SL,South Lake,NORT384,NORT384,-9,CM083941.1,4,SNP_4511358,SNP_4517402,9427198,10716306,1289.109,2593,0.497,0.997,0.003
SL,South Lake,NORT384,NORT384,-9,CM083941.1,4,SNP_4519474,SNP_4527031,12686596,15204564,2517.969,2552,0.987,0.997,0.002
SL,South Lake,NORT384,NORT384,-9,CM083941.1,4,SNP_4594701,SNP_4609124,21677271,22824487,1147.217,6709,0.171,0.997,0.002
SL,South Lake,NORT384,NORT384,-9,CM083941.1,4,SNP_4737710,SNP_4738422,37304633,38304821,1000.189,183,5.466,1,0
SL,South Lake,NORT384,NORT384,-9,CM083941.1,4,SNP_4804406,SNP_4822089,45096573,47194966,2098.394,7597,0.276,0.999,0.001
SL,South Lake,NORT384,NORT384,-9,CM083941.1,4,SNP_4822119,SNP_4846358,47195801,49815032,2619.232,11041,0.237,0.998,0.001
SL,South Lake,NORT384,NORT384,-9,CM083944.1,6,SNP_6076531,SNP_6088494,14785887,16248105,1462.219,4974,0.294,0.999,0.001
SL,South Lake,NORT384,NORT384,-9,CM083946.1,8,SNP_6812237,SNP_6825656,16722005,18405900,1683.896,5877,0.287,0.999,0.001
SL,South Lake,NORT384,NORT384,-9,CM083946.1,8,SNP_6832307,SNP_6843830,19046627,20266597,1219.971,5025,0.243,0.997,0.002
SL,South Lake,NORT384,NORT384,-9,CM083949.1,11,SNP_7523194,SNP_7549499,8255259,11122915,2867.657,11865,0.242,0.998,0.002
SL,South Lake,NORT384,NORT384,-9,CM083949.1,11,SNP_7549509,SNP_7564719,11123358,12661625,1538.268,6676,0.23,0.999,0.001
SL,South Lake,NORT384,NORT384,-9,CM083949.1,11,SNP_7582554,SNP_7597084,14538061,15999823,1461.763,6638,0.22,0.997,0.002
SL,South Lake,NORT384,NORT384,-9,CM083951.1,13,SNP_7974386,SNP_7999036,8497337,12686560,4189.224,10087,0.415,0.997,0.003
SL,South Lake,NORT384,NORT384,-9,CM083951.1,13,SNP_8000953,SNP_8012020,13063812,14482056,1418.245,4621,0.307,0.998,0.001
SL,South Lake,NORT384,NORT384,-9,CM083952.1,14,SNP_8139056,SNP_8151006,6349507,7578772,1229.266,5376,0.229,0.997,0.002
SL,South Lake,NORT384,NORT384,-9,CM083957.1,20,SNP_8933443,SNP_8938727,15158243,16197027,1038.785,2142,0.485,0.995,0.004
Ocala,Ocala,OC11,OC11,-9,CM083940.1,3,SNP_3756341,SNP_3757085,54325941,55530432,1204.492,134,8.989,0.97,0.022
Ocala,Ocala,OC14,OC14,-9,CM083940.1,3,SNP_3755976,SNP_3756961,54270630,55510925,1240.296,256,4.845,0.984,0.004
Ocala,Ocala,OC14,OC14,-9,CM083946.1,8,SNP_6728173,SNP_6730642,5207950,7195250,1987.301,710,2.799,0.986,0.01
Ocala,Ocala,OC20,OC20,-9,CM083940.1,3,SNP_3756341,SNP_3757085,54325941,55530432,1204.492,134,8.989,0.97,0.015
Ocala,Ocala,OC22,OC22,-9,CM083938.1,1A,SNP_1630773,SNP_1633107,47353264,49491914,2138.651,725,2.95,0.985,0.01
Ocala,Ocala,OC28,OC28,-9,CM083938.1,1A,SNP_1630415,SNP_1632477,47270535,49376141,2105.607,590,3.569,0.986,0.012
Ocala,Ocala,OC28,OC28,-9,CM083940.1,3,SNP_3395630,SNP_3400751,11698342,12927805,1229.464,1987,0.619,0.994,0.005
Ocala,Ocala,OC28,OC28,-9,CM083940.1,3,SNP_3756062,SNP_3757014,54281586,55522687,1241.102,239,5.193,0.987,0.013
Ocala,Ocala,OC32,OC32,-9,CM083937.1,1,SNP_346375,SNP_358977,33981922,35429815,1447.894,5700,0.254,0.997,0.002
Ocala,Ocala,OC32,OC32,-9,CM083937.1,1,SNP_358991,SNP_369268,35430679,36513749,1083.071,4533,0.239,0.997,0.003
Ocala,Ocala,OC32,OC32,-9,CM083937.1,1,SNP_806725,SNP_814988,83374114,85077789,1703.676,3696,0.461,0.995,0.003
Ocala,Ocala,OC32,OC32,-9,CM083957.1,20,SNP_8931733,SNP_8938974,14953385,16246634,1293.25,2934,0.441,0.996,0.003
Ocala,Ocala,OC32,OC32,-9,CM083960.1,23,SNP_9115971,SNP_9120191,2374238,3727753,1353.516,1673,0.809,0.992,0.007
Ocala,Ocala,OC32,OC32,-9,CM083960.1,23,SNP_9120201,SNP_9130974,3730932,4961089,1230.158,4842,0.254,0.996,0.003
Ocala,Ocala,OC33,OC33,-9,CM083938.1,1A,SNP_1629224,SNP_1632411,47091077,49351184,2260.108,1014,2.229,0.975,0.011
Ocala,Ocala,OC33,OC33,-9,CM083940.1,3,SNP_3755976,SNP_3757451,54270630,55595088,1324.459,464,2.854,0.978,0.011
Ocala,Ocala,OC33,OC33,-9,CM083941.1,4,SNP_4737626,SNP_4739182,37296471,38757453,1460.983,276,5.293,0.96,0.004
Ocala,Ocala,OC35,OC35,-9,CM083938.1,1A,SNP_1714662,SNP_1715268,58417538,59421096,1003.559,160,6.272,0.981,0.019
Ocala,Ocala,OC35,OC35,-9,CM083940.1,3,SNP_3420536,SNP_3422966,15072098,16585299,1513.202,1015,1.491,0.988,0.012
Ocala,Ocala,OC35,OC35,-9,CM083948.1,10,SNP_7407025,SNP_7409582,16852021,18325445,1473.425,703,2.096,0.986,0.014
Ocala,Ocala,OC35,OC35,-9,CM083958.1,21,SNP_8964106,SNP_8970214,2166394,4050131,1883.738,2287,0.824,0.991,0.008
Ocala,Ocala,OC36,OC36,-9,CM083938.1,1A,SNP_1631666,SNP_1632446,47563125,49365656,1802.532,142,12.694,0.958,0.014
Ocala,Ocala,OC37,OC37,-9,CM083940.1,3,SNP_3420895,SNP_3421364,15103334,16323529,1220.196,108,11.298,0.991,0.009
Ocala,Ocala,OC37,OC37,-9,CM083941.1,4,SNP_4737650,SNP_4739071,37299352,38622746,1323.395,248,5.336,0.988,0.008
Ocala,Ocala,OC37,OC37,-9,CM083943.1,5,SNP_5389901,SNP_5395012,7741035,9961868,2220.834,1868,1.189,0.992,0.005
Ocala,Ocala,OC37,OC37,-9,CM083946.1,8,SNP_6728888,SNP_6730089,5541640,6926430,1384.791,335,4.134,0.979,0.012
Ocala,Ocala,OC38,OC38,-9,CM083938.1,1A,SNP_1631801,SNP_1632674,47908200,49424128,1515.929,235,6.451,0.987,0.013
Ocala,Ocala,OC38,OC38,-9,CM083943.1,5,SNP_5389911,SNP_5390937,7743470,8766463,1022.994,348,2.94,0.98,0.014
Ocala,Ocala,OC39,OC39,-9,CM083939.1,2,SNP_2650793,SNP_2651441,96232583,97327470,1094.888,131,8.358,0.954,0.015
Ocala,Ocala,OC42,OC42,-9,CM083948.1,10,SNP_7407011,SNP_7409593,16847572,18330127,1482.556,710,2.088,0.989,0.011
Ocala,Ocala,OC43,OC43,-9,CM083941.1,4,SNP_4522601,SNP_4525924,13789016,15007261,1218.246,1205,1.011,0.994,0.004
Ocala,Ocala,OC44,OC44,-9,CM083941.1,4,SNP_4519797,SNP_4529720,12797086,15501110,2704.025,3740,0.723,0.998,0.002
Ocala,Ocala,OC44,OC44,-9,CM083953.1,15,SNP_8364784,SNP_8365625,10706146,11750439,1044.294,282,3.703,0.986,0.014
Ocala,Ocala,OC44,OC44,-9,CM083955.1,18,SNP_8554466,SNP_8556775,3360694,4571606,1210.913,810,1.495,0.991,0.009
Merritt Island,Ransom Road,RR110,RR110,-9,CM083937.1,1,SNP_155734,SNP_166389,13731541,14746970,1015.43,4784,0.212,0.996,0.003
Merritt Island,Ransom Road,RR110,RR110,-9,CM083937.1,1,SNP_792029,SNP_803850,81843082,83044530,1201.449,5397,0.223,0.995,0.004
Merritt Island,Ransom Road,RR110,RR110,-9,CM083937.1,1,SNP_806725,SNP_812141,83374114,84804391,1430.278,2423,0.59,0.998,0.002
Merritt Island,Ransom Road,RR110,RR110,-9,CM083939.1,2,SNP_2998029,SNP_3010581,132916870,134184842,1267.973,5529,0.229,0.998,0.002
Merritt Island,Ransom Road,RR110,RR110,-9,CM083943.1,5,SNP_5387364,SNP_5395212,6888673,9986436,3097.764,2836,1.092,0.997,0.003
Merritt Island,Ransom Road,RR110,RR110,-9,CM083960.1,23,SNP_9118139,SNP_9120763,2691686,3907658,1215.973,934,1.302,0.995,0.005
Merritt Island,Ransom Road,RR111,RR111,-9,CM083937.1,1,SNP_402781,SNP_416815,40121041,41682620,1561.58,6166,0.253,0.999,0.001
Merritt Island,Ransom Road,RR111,RR111,-9,CM083937.1,1,SNP_791375,SNP_806712,81783272,83372782,1589.511,7066,0.225,0.999,0.001
Merritt Island,Ransom Road,RR111,RR111,-9,CM083937.1,1,SNP_807616,SNP_815486,83535811,85118353,1582.543,3556,0.445,0.999,0.001
Merritt Island,Ransom Road,RR111,RR111,-9,CM083939.1,2,SNP_2423796,SNP_2465846,73454856,78202316,4747.461,18325,0.259,0.999,0.001
Merritt Island,Ransom Road,RR111,RR111,-9,CM083939.1,2,SNP_2471213,SNP_2481257,78839586,79891329,1051.744,4603,0.228,0.999,0.001
Merritt Island,Ransom Road,RR111,RR111,-9,CM083939.1,2,SNP_2509716,SNP_2520881,82865984,83936036,1070.053,4947,0.216,0.999,0.001
Merritt Island,Ransom Road,RR111,RR111,-9,CM083939.1,2,SNP_2531564,SNP_2544951,84791489,86012635,1221.147,5764,0.212,0.999,0.001
Merritt Island,Ransom Road,RR111,RR111,-9,CM083939.1,2,SNP_2568074,SNP_2581084,87984289,89102878,1118.59,5675,0.197,0.999,0.001
Merritt Island,Ransom Road,RR111,RR111,-9,CM083939.1,2,SNP_3167597,SNP_3179819,151425321,152672556,1247.236,5616,0.222,0.999,0.001
Merritt Island,Ransom Road,RR111,RR111,-9,CM083939.1,2,SNP_3188550,SNP_3217027,153935543,157457627,3522.085,12409,0.284,0.999,0.001
Merritt Island,Ransom Road,RR111,RR111,-9,CM083939.1,2,SNP_3217042,SNP_3226881,157458274,158583248,1124.975,4252,0.265,0.998,0.001
Merritt Island,Ransom Road,RR111,RR111,-9,CM083939.1,2,SNP_3237551,SNP_3257108,159699626,161697373,1997.748,8468,0.236,0.999,0.001
Merritt Island,Ransom Road,RR111,RR111,-9,CM083940.1,3,SNP_3803112,SNP_3814671,60383717,61694567,1310.851,4984,0.263,0.999,0.001
Merritt Island,Ransom Road,RR111,RR111,-9,CM083940.1,3,SNP_4137432,SNP_4152427,96023435,97531086,1507.652,6599,0.228,0.998,0.002
Merritt Island,Ransom Road,RR111,RR111,-9,CM083941.1,4,SNP_4896480,SNP_4904144,55602727,56692851,1090.125,3275,0.333,0.999,0.001
Merritt Island,Ransom Road,RR111,RR111,-9,CM083942.1,4A,SNP_5141512,SNP_5155881,59110,1733327,1674.218,6365,0.263,1,0
Merritt Island,Ransom Road,RR111,RR111,-9,CM083943.1,5,SNP_5387391,SNP_5390799,6895314,8720609,1825.296,1170,1.56,0.993,0.007
Merritt Island,Ransom Road,RR111,RR111,-9,CM083945.1,7,SNP_6454813,SNP_6481063,16308017,19627940,3319.924,11329,0.293,0.999,0.001
Merritt Island,Ransom Road,RR111,RR111,-9,CM083945.1,7,SNP_6481076,SNP_6502472,19628675,22460417,2831.743,9540,0.297,0.999,0.001
Merritt Island,Ransom Road,RR111,RR111,-9,CM083945.1,7,SNP_6519841,SNP_6528951,24621270,25935462,1314.193,3928,0.335,0.999,0.001
Merritt Island,Ransom Road,RR111,RR111,-9,CM083947.1,9,SNP_7090094,SNP_7100418,11925371,13177904,1252.534,4364,0.287,0.999,0.001
Merritt Island,Ransom Road,RR111,RR111,-9,CM083948.1,10,SNP_7247293,SNP_7254200,28843,1037594,1008.752,2815,0.358,1,0
Merritt Island,Ransom Road,RR111,RR111,-9,CM083948.1,10,SNP_7304210,SNP_7322331,5393320,6875224,1481.905,8514,0.174,0.999,0
Merritt Island,Ransom Road,RR111,RR111,-9,CM083960.1,23,SNP_9118139,SNP_9120765,2691686,3907740,1216.055,936,1.299,0.998,0.002
Merritt Island,Ransom Road,RR112,RR112,-9,CM083937.1,1,SNP_156057,SNP_168370,13765681,14954323,1188.643,5502,0.216,0.995,0.004
Merritt Island,Ransom Road,RR112,RR112,-9,CM083937.1,1,SNP_315710,SNP_327420,30193995,31685083,1491.089,4995,0.299,0.996,0.003
Merritt Island,Ransom Road,RR112,RR112,-9,CM083937.1,1,SNP_610320,SNP_623468,62131130,63583971,1452.842,5696,0.255,0.996,0.002
Merritt Island,Ransom Road,RR112,RR112,-9,CM083937.1,1,SNP_625290,SNP_635407,63777639,64822047,1044.409,4480,0.233,0.996,0.003
Merritt Island,Ransom Road,RR112,RR112,-9,CM083938.1,1A,SNP_1455804,SNP_1472308,28065437,29848885,1783.449,7573,0.236,0.998,0.002
Merritt Island,Ransom Road,RR112,RR112,-9,CM083939.1,2,SNP_2335531,SNP_2346064,57573684,58737519,1163.836,4573,0.255,0.994,0.004
Merritt Island,Ransom Road,RR112,RR112,-9,CM083939.1,2,SNP_2377747,SNP_2383018,62491844,64155506,1663.663,1948,0.854,0.992,0.007
Merritt Island,Ransom Road,RR112,RR112,-9,CM083939.1,2,SNP_2383036,SNP_2386724,64157448,65814554,1657.107,1111,1.492,0.987,0.012
Merritt Island,Ransom Road,RR112,RR112,-9,CM083941.1,4,SNP_4759497,SNP_4772346,40744554,42051316,1306.763,5602,0.233,0.997,0.002
Merritt Island,Ransom Road,RR112,RR112,-9,CM083942.1,4A,SNP_5252613,SNP_5258889,13656967,14704616,1047.65,2743,0.382,0.991,0.006
Merritt Island,Ransom Road,RR112,RR112,-9,CM083943.1,5,SNP_5539825,SNP_5550103,24250678,25266741,1016.064,4545,0.224,0.996,0.004
Merritt Island,Ransom Road,RR112,RR112,-9,CM083948.1,10,SNP_7406915,SNP_7408954,16819817,18050811,1230.995,491,2.507,0.986,0.014
Merritt Island,Ransom Road,RR112,RR112,-9,CM083955.1,18,SNP_8555150,SNP_8559333,3625311,5109271,1483.961,1557,0.953,0.988,0.01
Merritt Island,Ransom Road,RR112,RR112,-9,CM083958.1,21,SNP_8968456,SNP_8969780,2869792,3924602,1054.811,333,3.168,0.988,0.012
Merritt Island,Ransom Road,RR205,RR205,-9,CM083937.1,1,SNP_150244,SNP_166389,13129550,14746970,1617.421,7111,0.227,0.994,0.005
Merritt Island,Ransom Road,RR205,RR205,-9,CM083937.1,1,SNP_644778,SNP_654283,65810075,66941759,1131.685,3879,0.292,0.996,0.002
Merritt Island,Ransom Road,RR205,RR205,-9,CM083938.1,1A,SNP_1712560,SNP_1719641,58181011,59913873,1732.863,3074,0.564,0.995,0.003
Merritt Island,Ransom Road,RR205,RR205,-9,CM083942.1,4A,SNP_5216674,SNP_5220683,6959247,8955584,1996.338,1252,1.595,0.993,0.006
Merritt Island,Ransom Road,RR205,RR205,-9,CM083947.1,9,SNP_7074549,SNP_7091945,9718450,12207832,2489.383,7085,0.351,0.996,0.003
Merritt Island,Ransom Road,RR205,RR205,-9,CM083948.1,10,SNP_7398957,SNP_7408971,15168882,18062115,2893.234,3575,0.809,0.994,0.005
Merritt Island,Ransom Road,RR205,RR205,-9,CM083949.1,11,SNP_7437048,SNP_7442723,93782,1099678,1005.897,2216,0.454,0.991,0.006
Merritt Island,Ransom Road,RR96,RR96,-9,CM083943.1,5,SNP_5389784,SNP_5390775,7712737,8713590,1000.854,341,2.935,0.982,0.009
Merritt Island,Shiloh,SHIL108,SHIL108,-9,CM083937.1,1,SNP_1015778,SNP_1022532,104900121,106346444,1446.324,2866,0.505,0.994,0.003
Merritt Island,Shiloh,SHIL108,SHIL108,-9,CM083940.1,3,SNP_3394831,SNP_3398690,11360563,12593135,1232.573,1288,0.957,0.986,0.007
Merritt Island,Shiloh,SHIL147,SHIL147,-9,CM083937.1,1,SNP_1015706,SNP_1021304,104884876,106103614,1218.739,2393,0.509,0.994,0.005
Merritt Island,Shiloh,SHIL147,SHIL147,-9,CM083940.1,3,SNP_3396684,SNP_3403240,12105669,13255153,1149.485,2730,0.421,0.993,0.004
Merritt Island,Shiloh,SHIL147,SHIL147,-9,CM083941.1,4,SNP_4737033,SNP_4739231,37226479,38761363,1534.885,599,2.562,0.975,0.01
Merritt Island,Shiloh,SHIL147,SHIL147,-9,CM083953.1,15,SNP_8364308,SNP_8367303,10518707,12218891,1700.185,1080,1.574,0.991,0.008
Merritt Island,Shiloh,SHIL148,SHIL148,-9,CM083940.1,3,SNP_3756127,SNP_3756882,54293811,55500762,1206.952,155,7.787,0.974,0.019
Merritt Island,Shiloh,SHIL148,SHIL148,-9,CM083941.1,4,SNP_4737855,SNP_4738832,37319230,38442591,1123.362,127,8.845,0.976,0.008
Merritt Island,Shiloh,SHIL148,SHIL148,-9,CM083960.1,23,SNP_9118919,SNP_9124222,2916293,4402286,1485.994,2200,0.675,0.987,0.009
Merritt Island,Shiloh,SHIL159,SHIL159,-9,CM083937.1,1,SNP_707851,SNP_718268,72503765,73577741,1073.977,4453,0.241,0.996,0.003
Merritt Island,Shiloh,SHIL159,SHIL159,-9,CM083941.1,4,SNP_4808526,SNP_4820441,45561792,47007192,1445.401,5090,0.284,0.997,0.003
Merritt Island,Shiloh,SHIL159,SHIL159,-9,CM083943.1,5,SNP_5381836,SNP_5389891,5699720,7739545,2039.826,2992,0.682,0.995,0.005
Merritt Island,Shiloh,SHIL159,SHIL159,-9,CM083943.1,5,SNP_5389901,SNP_5390940,7741035,8768576,1027.542,353,2.911,0.994,0.006
Merritt Island,Shiloh,SHIL159,SHIL159,-9,CM083944.1,6,SNP_6152155,SNP_6169229,23398406,25250969,1852.564,7531,0.246,0.997,0.002
Merritt Island,Shiloh,SHIL159,SHIL159,-9,CM083946.1,8,SNP_6729399,SNP_6730254,5855753,7018305,1162.553,229,5.077,0.983,0.017
Merritt Island,Shiloh,SHIL159,SHIL159,-9,CM083951.1,13,SNP_7987319,SNP_7994743,9868476,11381722,1513.247,3073,0.492,0.997,0.003
Merritt Island,Shiloh,SHIL166,SHIL166,-9,CM083937.1,1,SNP_1015932,SNP_1021131,104933118,106071267,1138.15,2217,0.513,0.998,0.002
Merritt Island,Shiloh,SHIL166,SHIL166,-9,CM083939.1,2,SNP_3093718,SNP_3104501,142860669,144263286,1402.618,4719,0.297,0.999,0.001
Merritt Island,Shiloh,SHIL166,SHIL166,-9,CM083940.1,3,SNP_3756341,SNP_3757069,54325941,55528766,1202.826,129,9.324,0.969,0.023
Merritt Island,Shiloh,SHIL166,SHIL166,-9,CM083940.1,3,SNP_4211019,SNP_4220586,103964248,105203528,1239.281,4317,0.287,0.997,0.002
Merritt Island,Shiloh,SHIL166,SHIL166,-9,CM083943.1,5,SNP_5735653,SNP_5748995,47505400,48880505,1375.106,5912,0.233,0.997,0.002
Merritt Island,Shiloh,SHIL166,SHIL166,-9,CM083944.1,6,SNP_6019841,SNP_6031705,8945738,10201037,1255.3,5199,0.241,0.997,0.002
Merritt Island,Shiloh,SHIL166,SHIL166,-9,CM083956.1,19,SNP_8765451,SNP_8775892,9879872,11216342,1336.471,4435,0.301,0.998,0.002
Merritt Island,Shiloh,SHIL168,SHIL168,-9,CM083938.1,1A,SNP_1626854,SNP_1632130,46794939,49266333,2471.395,1888,1.309,0.991,0.005
Merritt Island,Shiloh,SHIL168,SHIL168,-9,CM083941.1,4,SNP_4736521,SNP_4739097,37173299,38630753,1457.455,764,1.908,0.991,0.003
Merritt Island,Shiloh,SHIL459,SHIL459,-9,CM083940.1,3,SNP_3421187,SNP_3422164,15222617,16480406,1257.79,379,3.319,0.976,0.013
Merritt Island,Shiloh,SHIL459,SHIL459,-9,CM083946.1,8,SNP_6728878,SNP_6730361,5535444,7084606,1549.163,411,3.769,0.964,0.015
Merritt Island,Shiloh,SHIL462,SHIL462,-9,CM083941.1,4,SNP_4737852,SNP_4739233,37318824,38761563,1442.74,186,7.757,0.978,0.011
Merritt Island,Shiloh,SHIL462,SHIL462,-9,CM083951.1,13,SNP_7992577,SNP_7995931,10718020,11826559,1108.54,1089,1.018,0.972,0.015
Merritt Island,Shiloh,SHIL472,SHIL472,-9,CM083939.1,2,SNP_2648934,SNP_2654536,95991172,97680594,1689.423,2239,0.755,0.994,0.004
Merritt Island,Shiloh,SHIL474,SHIL474,-9,CM083937.1,1,SNP_616809,SNP_641269,62793731,65418723,2624.993,10898,0.241,0.996,0.002
Merritt Island,Shiloh,SHIL474,SHIL474,-9,CM083939.1,2,SNP_2919672,SNP_2931169,125009922,126113836,1103.915,4996,0.221,0.994,0.005
Merritt Island,Shiloh,SHIL474,SHIL474,-9,CM083940.1,3,SNP_3690762,SNP_3702988,47342205,48551463,1209.259,5390,0.224,0.991,0.005
Merritt Island,Shiloh,SHIL474,SHIL474,-9,CM083940.1,3,SNP_3738047,SNP_3749676,52232503,53529526,1297.024,5124,0.253,0.996,0.004
Merritt Island,Shiloh,SHIL474,SHIL474,-9,CM083941.1,4,SNP_4523114,SNP_4525869,13907983,14983545,1075.563,1014,1.061,0.99,0.008
Merritt Island,Shiloh,SHIL474,SHIL474,-9,CM083941.1,4,SNP_4737323,SNP_4739000,37255913,38503369,1247.457,409,3.05,0.993,0.007
Merritt Island,Shiloh,SHIL474,SHIL474,-9,CM083948.1,10,SNP_7344991,SNP_7356067,9045859,10379097,1333.239,4856,0.275,0.998,0.002
Merritt Island,Shiloh,SHIL474,SHIL474,-9,CM083950.1,12,SNP_7827638,SNP_7839094,17248432,18429140,1180.709,5165,0.229,0.996,0.003
Merritt Island,Shiloh,SHIL474,SHIL474,-9,CM083953.1,15,SNP_8336347,SNP_8346652,6916455,7949473,1033.019,4759,0.217,0.998,0.002
Merritt Island,Shiloh,SHIL474,SHIL474,-9,CM083955.1,18,SNP_8547829,SNP_8561771,2394797,5367633,2972.837,5638,0.527,0.994,0.005
Merritt Island,Shiloh,SHIL474,SHIL474,-9,CM083956.1,19,SNP_8702829,SNP_8715927,4230545,5431957,1201.413,5972,0.201,0.996,0.004
Merritt Island,Shiloh,SHIL475,SHIL475,-9,CM083937.1,1,SNP_1009929,SNP_1016514,103797085,105055322,1258.238,2675,0.47,0.994,0.006
Merritt Island,Shiloh,SHIL475,SHIL475,-9,CM083941.1,4,SNP_4737323,SNP_4738425,37255913,38304926,1049.014,388,2.704,0.992,0.008
Merritt Island,Shiloh,SHIL476,SHIL476,-9,CM083937.1,1,SNP_1015949,SNP_1022558,104934695,106358059,1423.365,2808,0.507,0.997,0.002
Merritt Island,Shiloh,SHIL476,SHIL476,-9,CM083951.1,13,SNP_7987319,SNP_7993682,9868476,11007000,1138.525,2733,0.417,0.993,0.006
Merritt Island,Shiloh,SHIL477,SHIL477,-9,CM083938.1,1A,SNP_1646382,SNP_1656526,50915470,52027670,1112.201,4285,0.26,0.994,0.004
Merritt Island,Shiloh,SHIL477,SHIL477,-9,CM083940.1,3,SNP_3421141,SNP_3423362,15205985,16636268,1430.284,912,1.568,0.992,0.008
Merritt Island,Shiloh,SHIL477,SHIL477,-9,CM083940.1,3,SNP_3953752,SNP_3964951,76639971,77741942,1101.972,4987,0.221,0.995,0.004
Merritt Island,Shiloh,SHIL477,SHIL477,-9,CM083940.1,3,SNP_3964969,SNP_3974800,77742904,78773570,1030.667,4450,0.232,0.997,0.002
Merritt Island,Shiloh,SHIL477,SHIL477,-9,CM083941.1,4,SNP_4737475,SNP_4739097,37278359,38630753,1352.395,343,3.943,0.994,0.006
Merritt Island,Shiloh,SHIL477,SHIL477,-9,CM083946.1,8,SNP_6684545,SNP_6693112,422559,1756212,1333.654,3717,0.359,0.994,0.005
Merritt Island,Shiloh,SHIL477,SHIL477,-9,CM083946.1,8,SNP_6727125,SNP_6729890,5004241,6827771,1823.531,1001,1.822,0.997,0.001
Merritt Island,Shiloh,SHIL477,SHIL477,-9,CM083953.1,15,SNP_8364544,SNP_8367574,10607383,12251567,1644.185,1121,1.467,0.991,0.007
Merritt Island,Shiloh,SHIL477,SHIL477,-9,CM083960.1,23,SNP_9118492,SNP_9120931,2782775,3942680,1159.906,898,1.292,0.993,0.007
Merritt Island,Shiloh,SHIL478,SHIL478,-9,CM083937.1,1,SNP_1015708,SNP_1021132,104884979,106071367,1186.389,2309,0.514,0.99,0.007
Merritt Island,Shiloh,SHIL478,SHIL478,-9,CM083940.1,3,SNP_3755517,SNP_3757108,54215015,55534632,1319.618,529,2.495,0.981,0.013
Merritt Island,Shiloh,SHIL478,SHIL478,-9,CM083960.1,23,SNP_9117864,SNP_9123062,2636041,4303461,1667.421,1962,0.85,0.993,0.006
SL,South Lake,SLCA87,SLCA87,-9,CM083937.1,1,SNP_1013846,SNP_1022555,104498412,106357769,1859.358,3582,0.519,0.993,0.004
SL,South Lake,SLCA87,SLCA87,-9,CM083937.1,1,SNP_1022748,SNP_1029228,106394392,107477216,1082.825,2560,0.423,0.991,0.006
SL,South Lake,SLCA87,SLCA87,-9,CM083940.1,3,SNP_3395588,SNP_3400107,11684068,12829353,1145.286,1699,0.674,0.989,0.005
SL,South Lake,SLCA87,SLCA87,-9,CM083941.1,4,SNP_4736383,SNP_4738914,37161628,38495047,1333.42,821,1.624,0.988,0.01
SL,South Lake,SLCA87,SLCA87,-9,CM083944.1,6,SNP_6080446,SNP_6093019,15233786,16927819,1694.034,5372,0.315,0.993,0.004
SL,South Lake,SLCA87,SLCA87,-9,CM083953.1,15,SNP_8364900,SNP_8366572,10745896,12083150,1337.255,585,2.286,0.979,0.017
SL,South Lake,SLCA88,SLCA88,-9,CM083937.1,1,SNP_1012562,SNP_1018898,104278212,105557486,1279.275,2487,0.514,0.994,0.003
SL,South Lake,SLCA88,SLCA88,-9,CM083940.1,3,SNP_3395577,SNP_3402588,11680043,13186415,1506.373,2789,0.54,0.989,0.007
SL,South Lake,SLCA88,SLCA88,-9,CM083941.1,4,SNP_4737852,SNP_4738866,37318824,38484549,1165.726,132,8.831,0.985,0.015
SL,South Lake,SLCA88,SLCA88,-9,CM083955.1,18,SNP_8553755,SNP_8556608,3152309,4504442,1352.134,986,1.371,0.98,0.015
SL,South Lake,SLCA89,SLCA89,-9,CM083946.1,8,SNP_6729412,SNP_6731934,5861030,7602157,1741.128,757,2.3,0.987,0.011
SL,South Lake,SLCA89,SLCA89,-9,CM083958.1,21,SNP_8968475,SNP_8969544,2872515,3878207,1005.693,257,3.913,0.969,0.023
Merritt Island,Schwartz,SRTZ124,SRTZ124,-9,CM083937.1,1,SNP_413948,SNP_425823,41395433,42736681,1341.249,5231,0.256,0.995,0.005
Merritt Island,Schwartz,SRTZ124,SRTZ124,-9,CM083943.1,5,SNP_5581027,SNP_5590577,28609112,29750346,1141.235,4304,0.265,0.995,0.004
Merritt Island,Schwartz,SRTZ124,SRTZ124,-9,CM083943.1,5,SNP_5594408,SNP_5603835,30229023,31366673,1137.651,4066,0.28,0.994,0.004
Merritt Island,Schwartz,SRTZ125,SRTZ125,-9,CM083943.1,5,SNP_5344734,SNP_5345311,24962,1354451,1329.49,165,8.058,0.988,0.012
Merritt Island,Schwartz,SRTZ125,SRTZ125,-9,CM083947.1,9,SNP_6984834,SNP_6990688,354459,1493925,1139.467,2550,0.447,0.989,0.007
Merritt Island,Schwartz,SRTZ125,SRTZ125,-9,CM083948.1,10,SNP_7407436,SNP_7408980,17023843,18065625,1041.783,389,2.678,0.985,0.015
Merritt Island,Schwartz,SRTZ126,SRTZ126,-9,CM083937.1,1,SNP_685115,SNP_696448,70012613,71281527,1268.915,5105,0.249,0.996,0.003
Merritt Island,Schwartz,SRTZ126,SRTZ126,-9,CM083940.1,3,SNP_3753388,SNP_3760659,53955220,55943066,1987.847,3036,0.655,0.995,0.004
Merritt Island,Schwartz,SRTZ126,SRTZ126,-9,CM083943.1,5,SNP_5384512,SNP_5388893,6211301,7415626,1204.326,1645,0.732,0.991,0.009
Merritt Island,Schwartz,SRTZ126,SRTZ126,-9,CM083943.1,5,SNP_5388899,SNP_5391203,7417005,8852300,1435.296,792,1.812,0.996,0.004
Merritt Island,Schwartz,SRTZ126,SRTZ126,-9,CM083943.1,5,SNP_5526576,SNP_5537289,23025845,24057916,1032.072,4728,0.218,0.997,0.003
Merritt Island,Schwartz,SRTZ126,SRTZ126,-9,CM083943.1,5,SNP_5550226,SNP_5562389,25276561,26478064,1201.504,5510,0.218,0.996,0.003
Merritt Island,Schwartz,SRTZ126,SRTZ126,-9,CM083943.1,5,SNP_5564907,SNP_5575025,26703290,27831758,1128.469,4272,0.264,0.996,0.003
Merritt Island,Schwartz,SRTZ126,SRTZ126,-9,CM083943.1,5,SNP_5580888,SNP_5590577,28598164,29750346,1152.183,4362,0.264,0.995,0.004
Merritt Island,Schwartz,SRTZ126,SRTZ126,-9,CM083947.1,9,SNP_6987574,SNP_6993202,649423,1696123,1046.701,2495,0.42,0.992,0.007
Merritt Island,Schwartz,SRTZ127,SRTZ127,-9,CM083937.1,1,SNP_1015708,SNP_1021304,104884979,106103614,1218.636,2391,0.51,0.987,0.005
Merritt Island,Schwartz,SRTZ127,SRTZ127,-9,CM083939.1,2,SNP_2650809,SNP_2653412,96235983,97546648,1310.666,940,1.394,0.985,0.006
Merritt Island,Schwartz,SRTZ199,SRTZ199,-9,CM083937.1,1,SNP_1016136,SNP_1023161,104972703,106477603,1504.901,2811,0.535,0.969,0.005
Merritt Island,Schwartz,SRTZ200,SRTZ200,-9,CM083937.1,1,SNP_383972,SNP_394843,38013789,39135490,1121.702,4739,0.237,0.999,0.001
Merritt Island,Schwartz,SRTZ200,SRTZ200,-9,CM083937.1,1,SNP_536055,SNP_551802,53430879,54874254,1443.376,7035,0.205,0.998,0.001
Merritt Island,Schwartz,SRTZ200,SRTZ200,-9,CM083939.1,2,SNP_2376373,SNP_2382178,62209060,64041489,1832.43,2074,0.884,1,0
Merritt Island,Schwartz,SRTZ200,SRTZ200,-9,CM083940.1,3,SNP_3614523,SNP_3626642,38787996,40185365,1397.37,5421,0.258,0.999,0.001
Merritt Island,Schwartz,SRTZ200,SRTZ200,-9,CM083940.1,3,SNP_4128707,SNP_4140671,95112388,96423705,1311.318,5472,0.24,0.998,0.002
Merritt Island,Schwartz,SRTZ200,SRTZ200,-9,CM083945.1,7,SNP_6510783,SNP_6543875,23524662,27296601,3771.94,14319,0.263,0.998,0.001
Merritt Island,Schwartz,SRTZ200,SRTZ200,-9,CM083958.1,21,SNP_8962489,SNP_8968851,2030465,3667363,1636.899,2749,0.595,0.999,0.001
Merritt Island,Schwartz,SRTZ201,SRTZ201,-9,CM083937.1,1,SNP_1014799,SNP_1023164,104698039,106478358,1780.32,3352,0.531,0.997,0.001
Merritt Island,Schwartz,SRTZ201,SRTZ201,-9,CM083938.1,1A,SNP_1631287,SNP_1632036,47460121,48991879,1531.759,161,9.514,0.963,0.019
Merritt Island,Schwartz,SRTZ202,SRTZ202,-9,CM083937.1,1,SNP_1016137,SNP_1026114,104972728,106967953,1995.226,3968,0.503,0.995,0.005
Merritt Island,Schwartz,SRTZ202,SRTZ202,-9,CM083938.1,1A,SNP_1467258,SNP_1476521,29299058,30406498,1107.441,4198,0.264,0.996,0.003
Merritt Island,Schwartz,SRTZ202,SRTZ202,-9,CM083938.1,1A,SNP_1482620,SNP_1492000,31179287,32293147,1113.861,4231,0.263,0.998,0.002
Merritt Island,Schwartz,SRTZ202,SRTZ202,-9,CM083939.1,2,SNP_2377682,SNP_2382294,62477681,64058149,1580.469,1689,0.936,0.998,0.002
Merritt Island,Schwartz,SRTZ202,SRTZ202,-9,CM083939.1,2,SNP_3024884,SNP_3036552,135623105,136849921,1226.817,5188,0.236,0.994,0.004
Merritt Island,Schwartz,SRTZ202,SRTZ202,-9,CM083940.1,3,SNP_3421188,SNP_3422198,15222706,16486387,1263.682,394,3.207,0.985,0.005
Merritt Island,Schwartz,SRTZ202,SRTZ202,-9,CM083940.1,3,SNP_3988922,SNP_3997780,80414152,81441693,1027.542,3766,0.273,0.998,0.002
Merritt Island,Schwartz,SRTZ202,SRTZ202,-9,CM083940.1,3,SNP_4184086,SNP_4197440,100976820,102555733,1578.914,6042,0.261,0.998,0.001
Merritt Island,Schwartz,SRTZ202,SRTZ202,-9,CM083941.1,4,SNP_4737033,SNP_4738526,37226479,38384576,1158.098,535,2.165,0.985,0.015
Merritt Island,Schwartz,SRTZ202,SRTZ202,-9,CM083945.1,7,SNP_6405013,SNP_6422018,10662437,12393520,1731.084,6691,0.259,0.997,0.003
Merritt Island,Schwartz,SRTZ202,SRTZ202,-9,CM083945.1,7,SNP_6463795,SNP_6473072,17406296,18500101,1093.806,4088,0.268,0.998,0.002
Merritt Island,Schwartz,SRTZ202,SRTZ202,-9,CM083945.1,7,SNP_6473088,SNP_6483434,18501416,19980057,1478.642,4533,0.326,0.995,0.004
Merritt Island,Schwartz,SRTZ202,SRTZ202,-9,CM083945.1,7,SNP_6485879,SNP_6500537,20357184,22218012,1860.829,6416,0.29,0.995,0.005
Merritt Island,Schwartz,SRTZ202,SRTZ202,-9,CM083945.1,7,SNP_6510064,SNP_6521520,23437214,24849282,1412.069,4793,0.295,0.997,0.002
Merritt Island,Schwartz,SRTZ202,SRTZ202,-9,CM083945.1,7,SNP_6548432,SNP_6566845,27768155,29761334,1993.18,8097,0.246,0.997,0.003
Merritt Island,Schwartz,SRTZ203,SRTZ203,-9,CM083939.1,2,SNP_2379081,SNP_2386724,62725505,65814554,3089.05,2567,1.203,0.994,0.005
Merritt Island,Schwartz,SRTZ203,SRTZ203,-9,CM083940.1,3,SNP_3390263,SNP_3393787,8130503,9132906,1002.404,1139,0.88,0.996,0.004
Merritt Island,Schwartz,SRTZ203,SRTZ203,-9,CM083940.1,3,SNP_3396935,SNP_3403627,12156413,13299826,1143.414,2819,0.406,0.998,0.002
Merritt Island,Schwartz,SRTZ204,SRTZ204,-9,CM083937.1,1,SNP_1014806,SNP_1022556,104699644,106357791,1658.148,3256,0.509,0.994,0.004
Merritt Island,Schwartz,SRTZ204,SRTZ204,-9,CM083939.1,2,SNP_2651071,SNP_2654452,96284640,97667737,1383.098,1317,1.05,0.984,0.007
Merritt Island,Schwartz,SRTZ204,SRTZ204,-9,CM083940.1,3,SNP_3756341,SNP_3757069,54325941,55528766,1202.826,129,9.324,0.961,0.023
Merritt Island,TEL4,TEL229,TEL229,-9,CM083937.1,1,SNP_1014173,SNP_1022333,104570947,106300836,1729.89,3415,0.507,0.994,0.003
Merritt Island,TEL4,TEL229,TEL229,-9,CM083940.1,3,SNP_3327153,SNP_3328122,3832,1752631,1748.8,295,5.928,0.99,0.01
Merritt Island,TEL4,TEL229,TEL229,-9,CM083940.1,3,SNP_3394436,SNP_3398834,11201251,12617471,1416.221,1466,0.966,0.994,0.005
Merritt Island,TEL4,TEL229,TEL229,-9,CM083941.1,4,SNP_4736783,SNP_4738403,37201220,38304251,1103.032,625,1.765,0.982,0.014
Merritt Island,TEL4,TEL231,TEL231,-9,CM083940.1,3,SNP_3756127,SNP_3756914,54293811,55501755,1207.945,164,7.366,0.939,0.024
Merritt Island,TEL4,TEL231,TEL231,-9,CM083953.1,15,SNP_8363484,SNP_8365599,10255035,11741469,1486.435,736,2.02,0.98,0.008
Merritt Island,TEL4,TEL233,TEL233,-9,CM083941.1,4,SNP_4737889,SNP_4738832,37322600,38442591,1119.992,110,10.182,0.982,0.018
Merritt Island,TEL4,TEL234,TEL234,-9,CM083937.1,1,SNP_1015691,SNP_1021304,104880928,106103614,1222.687,2399,0.51,0.993,0.006
Merritt Island,TEL4,TEL234,TEL234,-9,CM083942.1,4A,SNP_5141437,SNP_5149690,45959,1172767,1126.809,3555,0.317,0.993,0.005
Merritt Island,TEL4,TEL234,TEL234,-9,CM083942.1,4A,SNP_5219382,SNP_5220671,7785023,8954493,1169.471,402,2.909,0.995,0.002
Merritt Island,TEL4,TEL234,TEL234,-9,CM083942.1,4A,SNP_5222377,SNP_5227062,9443344,10675362,1232.019,1661,0.742,0.993,0.007
Merritt Island,TEL4,TEL234,TEL234,-9,CM083943.1,5,SNP_5382507,SNP_5387761,5846778,7024482,1177.705,2030,0.58,0.998,0.002
Merritt Island,TEL4,TEL234,TEL234,-9,CM083943.1,5,SNP_5387777,SNP_5394798,7028958,9923894,2894.937,2491,1.162,0.995,0.005
Merritt Island,TEL4,TEL234,TEL234,-9,CM083958.1,21,SNP_8968463,SNP_8969652,2870865,3899130,1028.266,285,3.608,0.989,0.011
Merritt Island,TEL4,TEL449,TEL449,-9,CM083937.1,1,SNP_320726,SNP_334473,30813358,32514674,1701.317,5930,0.287,0.998,0.002
Merritt Island,TEL4,TEL449,TEL449,-9,CM083937.1,1,SNP_962051,SNP_974863,99004155,100259926,1255.772,6101,0.206,0.997,0.002
Merritt Island,TEL4,TEL449,TEL449,-9,CM083937.1,1,SNP_1015691,SNP_1021304,104880928,106103614,1222.687,2399,0.51,0.994,0.005
Merritt Island,TEL4,TEL449,TEL449,-9,CM083938.1,1A,SNP_1476528,SNP_1489694,30406749,32038341,1631.593,5762,0.283,0.998,0.002
Merritt Island,TEL4,TEL449,TEL449,-9,CM083938.1,1A,SNP_1620649,SNP_1631795,46081957,47907102,1825.146,4509,0.405,0.997,0.003
Merritt Island,TEL4,TEL449,TEL449,-9,CM083938.1,1A,SNP_1632103,SNP_1643964,49260194,50675304,1415.111,5322,0.266,0.998,0.002
Merritt Island,TEL4,TEL449,TEL449,-9,CM083938.1,1A,SNP_1657915,SNP_1666881,52200141,53311046,1110.906,3758,0.296,0.999,0.001
Merritt Island,TEL4,TEL449,TEL449,-9,CM083938.1,1A,SNP_1670689,SNP_1680307,53715196,54720870,1005.675,4295,0.234,0.999,0.001
Merritt Island,TEL4,TEL449,TEL449,-9,CM083939.1,2,SNP_2307717,SNP_2319760,54617467,55882235,1264.769,5558,0.228,0.997,0.003
Merritt Island,TEL4,TEL449,TEL449,-9,CM083939.1,2,SNP_2360846,SNP_2371740,60307941,61543402,1235.462,4796,0.258,0.996,0.003
Merritt Island,TEL4,TEL449,TEL449,-9,CM083939.1,2,SNP_2371821,SNP_2383328,61551423,64186066,2634.644,4493,0.586,0.996,0.003
Merritt Island,TEL4,TEL449,TEL449,-9,CM083939.1,2,SNP_2385367,SNP_2386724,64666483,65814554,1148.072,320,3.588,0.994,0.006
Merritt Island,TEL4,TEL449,TEL449,-9,CM083939.1,2,SNP_2386758,SNP_2397892,67164436,70060536,2896.101,3844,0.753,0.996,0.003
Merritt Island,TEL4,TEL449,TEL449,-9,CM083939.1,2,SNP_2397908,SNP_2405461,70065560,71222068,1156.509,3019,0.383,0.996,0.004
Merritt Island,TEL4,TEL449,TEL449,-9,CM083939.1,2,SNP_2412597,SNP_2429049,72070620,74078099,2007.48,7174,0.28,0.998,0.002
Merritt Island,TEL4,TEL449,TEL449,-9,CM083939.1,2,SNP_2651071,SNP_2664467,96284640,98678155,2393.516,5734,0.417,0.997,0.003
Merritt Island,TEL4,TEL449,TEL449,-9,CM083939.1,2,SNP_2670117,SNP_2685269,99208821,100745816,1536.996,6712,0.229,0.996,0.003
Merritt Island,TEL4,TEL449,TEL449,-9,CM083939.1,2,SNP_2726444,SNP_2737414,104951022,106065202,1114.181,4985,0.224,0.997,0.002
Merritt Island,TEL4,TEL449,TEL449,-9,CM083940.1,3,SNP_4349986,SNP_4367828,119754689,121561175,1806.487,7958,0.227,0.997,0.002
Merritt Island,TEL4,TEL449,TEL449,-9,CM083941.1,4,SNP_4751730,SNP_4763451,39945686,41189079,1243.394,4915,0.253,0.997,0.002
Merritt Island,TEL4,TEL449,TEL449,-9,CM083941.1,4,SNP_4789496,SNP_4799543,43603043,44608048,1005.006,4431,0.227,0.997,0.003
Merritt Island,TEL4,TEL449,TEL449,-9,CM083941.1,4,SNP_4812273,SNP_4822284,45982948,47214039,1231.092,4351,0.283,0.998,0.002
Merritt Island,TEL4,TEL449,TEL449,-9,CM083941.1,4,SNP_4849937,SNP_4862036,50186174,51571142,1384.969,5536,0.25,0.996,0.003
Merritt Island,TEL4,TEL449,TEL449,-9,CM083941.1,4,SNP_4882615,SNP_4896667,54062093,55635480,1573.388,6090,0.258,0.995,0.004
Merritt Island,TEL4,TEL449,TEL449,-9,CM083941.1,4,SNP_4904505,SNP_4920986,56762965,58505994,1743.03,7114,0.245,0.994,0.004
Merritt Island,TEL4,TEL449,TEL449,-9,CM083941.1,4,SNP_4937016,SNP_4956032,60318067,62488086,2170.02,8176,0.265,0.997,0.003
Merritt Island,TEL4,TEL449,TEL449,-9,CM083941.1,4,SNP_4960405,SNP_4972110,62914539,64263287,1348.749,4962,0.272,0.998,0.001
Merritt Island,TEL4,TEL449,TEL449,-9,CM083941.1,4,SNP_4990963,SNP_5001357,66347589,67404659,1057.071,4412,0.24,0.998,0.002
Merritt Island,TEL4,TEL449,TEL449,-9,CM083943.1,5,SNP_5571741,SNP_5593512,27441766,30113818,2672.053,9503,0.281,0.998,0.002
Merritt Island,TEL4,TEL449,TEL449,-9,CM083943.1,5,SNP_5597108,SNP_5664224,30527395,38424714,7897.32,28788,0.274,0.998,0.001
Merritt Island,TEL4,TEL449,TEL449,-9,CM083943.1,5,SNP_5673231,SNP_5682904,39291511,40468003,1176.493,4009,0.293,0.998,0.002
Merritt Island,TEL4,TEL449,TEL449,-9,CM083943.1,5,SNP_5682914,SNP_5695656,40468408,42093424,1625.017,5271,0.308,0.999,0.001
Merritt Island,TEL4,TEL449,TEL449,-9,CM083943.1,5,SNP_5699122,SNP_5716317,42581839,44941028,2359.19,7152,0.33,0.997,0.003
Merritt Island,TEL4,TEL449,TEL449,-9,CM083945.1,7,SNP_6498532,SNP_6508842,21949616,23306819,1357.204,4566,0.297,0.995,0.004
Merritt Island,TEL4,TEL449,TEL449,-9,CM083945.1,7,SNP_6508850,SNP_6518736,23306952,24478731,1171.78,4197,0.279,0.998,0.001
Merritt Island,TEL4,TEL449,TEL449,-9,CM083946.1,8,SNP_6684484,SNP_6698949,335810,2321877,1986.068,6316,0.314,0.999,0.001
Merritt Island,TEL4,TEL449,TEL449,-9,CM083946.1,8,SNP_6719044,SNP_6729389,4034688,5852199,1817.512,4490,0.405,0.996,0.003
Merritt Island,TEL4,TEL449,TEL449,-9,CM083946.1,8,SNP_6729405,SNP_6734509,5858228,8152729,2294.502,1829,1.255,0.998,0.002
Merritt Island,TEL4,TEL449,TEL449,-9,CM083947.1,9,SNP_7049206,SNP_7057268,6338343,7378792,1040.45,3610,0.288,0.998,0.002
Merritt Island,TEL4,TEL449,TEL449,-9,CM083947.1,9,SNP_7057291,SNP_7070085,7381320,8846562,1465.243,5622,0.261,0.998,0.002
Merritt Island,TEL4,TEL449,TEL449,-9,CM083947.1,9,SNP_7074421,SNP_7090615,9693996,12003714,2309.719,6631,0.348,0.998,0.002
Merritt Island,TEL4,TEL449,TEL449,-9,CM083947.1,9,SNP_7236187,SNP_7247272,25738806,27096263,1357.458,4784,0.284,0.995,0.004
Merritt Island,TEL4,TEL449,TEL449,-9,CM083949.1,11,SNP_7437029,SNP_7442860,92748,1114670,1021.923,2276,0.449,0.997,0.002
Merritt Island,TEL4,TEL449,TEL449,-9,CM083953.1,15,SNP_8389321,SNP_8399075,14081057,15412895,1331.839,4500,0.296,0.998,0.002
Merritt Island,TEL4,TEL449,TEL449,-9,CM083956.1,19,SNP_8725762,SNP_8737852,6211407,7304782,1093.376,5142,0.213,0.996,0.003
Merritt Island,TEL4,TEL450,TEL450,-9,CM083939.1,2,SNP_2385371,SNP_2386724,64668116,65814554,1146.439,319,3.594,0.991,0.009
Merritt Island,TEL4,TEL450,TEL450,-9,CM083942.1,4A,SNP_5219704,SNP_5220671,7878591,8954493,1075.903,331,3.25,0.979,0.012
Merritt Island,TEL4,TEL450,TEL450,-9,CM083943.1,5,SNP_5686653,SNP_5696939,40951821,42276478,1324.658,4207,0.315,0.993,0.006
SBC,Valkaria,VALK386,VALK386,-9,CM083937.1,1,SNP_1016147,SNP_1020509,104974324,105980899,1006.576,1824,0.552,0.98,0.006
SBC,Valkaria,VALK386,VALK386,-9,CM083944.1,6,SNP_6080268,SNP_6088480,15215914,16247746,1031.833,3488,0.296,0.992,0.004
SBC,Valkaria,VALK387,VALK387,-9,CM083941.1,4,SNP_4637240,SNP_4640954,25474889,27255825,1780.937,1357,1.312,0.985,0.01
SBC,Valkaria,VALK387,VALK387,-9,CM083941.1,4,SNP_4737852,SNP_4738914,37318824,38495047,1176.224,136,8.649,0.978,0.007
SBC,Valkaria,VALK387,VALK387,-9,CM083943.1,5,SNP_5344734,SNP_5345701,24962,1402271,1377.31,362,3.805,0.989,0.006
SBC,Valkaria,VALK389,VALK389,-9,CM083941.1,4,SNP_4519474,SNP_4522247,12686596,13692615,1006.02,800,1.258,0.978,0.016
SBC,Valkaria,VALK389,VALK389,-9,CM083946.1,8,SNP_6725594,SNP_6729335,4744217,5833429,1089.213,1534,0.71,0.976,0.013
SBC,Valkaria,VALK389,VALK389,-9,CM083946.1,8,SNP_6729406,SNP_6730006,5858429,6883446,1025.018,152,6.744,0.974,0.02
SBC,Valkaria,VALK390,VALK390,-9,CM083937.1,1,SNP_643024,SNP_653758,65620578,66876322,1255.745,4389,0.286,0.997,0.003
SBC,Valkaria,VALK390,VALK390,-9,CM083937.1,1,SNP_1016137,SNP_1025716,104972728,106919384,1946.657,3782,0.515,0.997,0.003
SBC,Valkaria,VALK390,VALK390,-9,CM083938.1,1A,SNP_1705891,SNP_1717666,57550956,59712185,2161.23,5276,0.41,0.996,0.003
SBC,Valkaria,VALK390,VALK390,-9,CM083939.1,2,SNP_2436477,SNP_2445502,74986895,76162090,1175.196,3686,0.319,0.995,0.005
SBC,Valkaria,VALK390,VALK390,-9,CM083943.1,5,SNP_5623505,SNP_5632341,33627086,34737436,1110.351,3771,0.294,0.999,0.001
SBC,Valkaria,VALK390,VALK390,-9,CM083943.1,5,SNP_5638048,SNP_5654528,35409423,37413117,2003.695,6754,0.297,0.999,0.001
SBC,Valkaria,VALK390,VALK390,-9,CM083943.1,5,SNP_5674027,SNP_5683830,39377066,40579685,1202.62,4059,0.296,0.996,0.002
SBC,Valkaria,VALK390,VALK390,-9,CM083943.1,5,SNP_5790008,SNP_5803677,53677514,55255652,1578.139,5744,0.275,0.996,0.003
SBC,Valkaria,VALK390,VALK390,-9,CM083943.1,5,SNP_5809451,SNP_5826044,55821811,57604701,1782.891,7291,0.245,0.998,0.002
SBC,Valkaria,VALK390,VALK390,-9,CM083950.1,12,SNP_7745465,SNP_7760875,9196239,10869210,1672.972,6628,0.252,0.996,0.003
SBC,Valkaria,VALK390,VALK390,-9,CM083960.1,23,SNP_9117373,SNP_9123682,2552528,4359162,1806.635,2463,0.734,0.997,0.002
SBC,Valkaria,VALK391,VALK391,-9,CM083939.1,2,SNP_2650909,SNP_2653246,96256512,97531176,1274.665,823,1.549,0.978,0.009
SBC,Valkaria,VALK391,VALK391,-9,CM083960.1,23,SNP_9118510,SNP_9120387,2786692,3792992,1006.301,684,1.471,0.98,0.01
SBC,Valkaria,VALK392,VALK392,-9,CM083940.1,3,SNP_3564180,SNP_3575734,31187350,32386583,1199.234,4892,0.245,0.996,0.003
SBC,Valkaria,VALK392,VALK392,-9,CM083940.1,3,SNP_3836314,SNP_3846033,64335528,65347572,1012.045,4292,0.236,0.997,0.003
SBC,Valkaria,VALK392,VALK392,-9,CM083940.1,3,SNP_3936527,SNP_3946130,74814657,75885385,1070.729,4253,0.252,0.997,0.002
SBC,Valkaria,VALK392,VALK392,-9,CM083940.1,3,SNP_3953140,SNP_3967505,76584369,78014737,1430.369,6558,0.218,0.997,0.002
SBC,Valkaria,VALK392,VALK392,-9,CM083940.1,3,SNP_3979406,SNP_3992716,79302027,80888860,1586.834,5733,0.277,0.996,0.003
SBC,Valkaria,VALK392,VALK392,-9,CM083940.1,3,SNP_4006775,SNP_4039765,82291421,85666028,3374.608,14755,0.229,0.997,0.003
SBC,Valkaria,VALK392,VALK392,-9,CM083940.1,3,SNP_4039774,SNP_4078029,85666317,89690542,4024.226,16795,0.24,0.997,0.002
SBC,Valkaria,VALK392,VALK392,-9,CM083940.1,3,SNP_4082816,SNP_4093616,90207305,91318718,1111.414,4998,0.222,0.995,0.004
SBC,Valkaria,VALK392,VALK392,-9,CM083940.1,3,SNP_4093814,SNP_4111385,91338832,93189608,1850.777,8017,0.231,0.996,0.003
SBC,Valkaria,VALK392,VALK392,-9,CM083940.1,3,SNP_4115770,SNP_4129096,93679400,95154786,1475.387,5844,0.252,0.997,0.002
SBC,Valkaria,VALK392,VALK392,-9,CM083940.1,3,SNP_4161606,SNP_4173070,98488449,99725363,1236.915,5028,0.246,0.994,0.004
SBC,Valkaria,VALK392,VALK392,-9,CM083940.1,3,SNP_4184568,SNP_4202522,101027051,103090077,2063.027,7814,0.264,0.994,0.004
SBC,Valkaria,VALK392,VALK392,-9,CM083940.1,3,SNP_4227493,SNP_4237209,106192669,107294744,1102.076,4261,0.259,0.997,0.002
SBC,Valkaria,VALK392,VALK392,-9,CM083941.1,4,SNP_4950222,SNP_4965277,61949373,63467105,1517.733,6519,0.233,0.996,0.002
SBC,Valkaria,VALK392,VALK392,-9,CM083942.1,4A,SNP_5213858,SNP_5220683,6567173,8955584,2388.412,2556,0.934,0.995,0.004
SBC,Valkaria,VALK392,VALK392,-9,CM083942.1,4A,SNP_5231388,SNP_5246249,11255563,12922417,1666.855,6849,0.243,0.996,0.003
SBC,Valkaria,VALK392,VALK392,-9,CM083942.1,4A,SNP_5251541,SNP_5261189,13523131,14949082,1425.952,4304,0.331,0.995,0.004
SBC,Valkaria,VALK392,VALK392,-9,CM083944.1,6,SNP_6047340,SNP_6068892,11631261,13896807,2265.547,9102,0.249,0.996,0.003
SBC,Valkaria,VALK392,VALK392,-9,CM083944.1,6,SNP_6077036,SNP_6088481,14847088,16247789,1400.702,4767,0.294,0.998,0.001
SBC,Valkaria,VALK392,VALK392,-9,CM083944.1,6,SNP_6092269,SNP_6101796,16817354,18058883,1241.53,4142,0.3,0.995,0.004
SBC,Valkaria,VALK392,VALK392,-9,CM083944.1,6,SNP_6115853,SNP_6131621,19479782,21139594,1659.813,7035,0.236,0.997,0.003
SBC,Valkaria,VALK392,VALK392,-9,CM083944.1,6,SNP_6135113,SNP_6145574,21547607,22608511,1060.905,4612,0.23,0.997,0.002
SBC,Valkaria,VALK392,VALK392,-9,CM083944.1,6,SNP_6151915,SNP_6166400,23368075,24980348,1612.274,6337,0.254,0.997,0.002
SBC,Valkaria,VALK392,VALK392,-9,CM083944.1,6,SNP_6187424,SNP_6201914,26905617,28414006,1508.39,6627,0.228,0.996,0.003
SBC,Valkaria,VALK392,VALK392,-9,CM083945.1,7,SNP_6424684,SNP_6435968,12679968,14121760,1441.793,4913,0.293,0.997,0.002
SBC,Valkaria,VALK392,VALK392,-9,CM083946.1,8,SNP_6684399,SNP_6692561,275146,1718568,1443.423,3493,0.413,0.995,0.004
SBC,Valkaria,VALK392,VALK392,-9,CM083946.1,8,SNP_6827556,SNP_6841252,18586946,19971841,1384.896,6144,0.225,0.993,0.005
SBC,Valkaria,VALK392,VALK392,-9,CM083950.1,12,SNP_7699474,SNP_7709130,4249836,5316181,1066.346,4345,0.245,0.996,0.003
SBC,Valkaria,VALK392,VALK392,-9,CM083950.1,12,SNP_7710229,SNP_7724409,5435812,6963451,1527.64,6344,0.241,0.995,0.004
SBC,Valkaria,VALK393,VALK393,-9,CM083940.1,3,SNP_3394775,SNP_3398833,11339679,12617339,1277.661,1361,0.939,0.978,0.009
SBC,Valkaria,VALK394,VALK394,-9,CM083937.1,1,SNP_584691,SNP_606286,59584692,61693482,2108.791,9429,0.224,0.999,0.001
SBC,Valkaria,VALK394,VALK394,-9,CM083938.1,1A,SNP_1388134,SNP_1406545,20388873,22402483,2013.611,8302,0.243,0.999,0.001
SBC,Valkaria,VALK394,VALK394,-9,CM083938.1,1A,SNP_1406934,SNP_1431028,22445987,24977595,2531.609,10838,0.234,0.999,0.001
SBC,Valkaria,VALK394,VALK394,-9,CM083938.1,1A,SNP_1631426,SNP_1632068,47500476,49256652,1756.177,101,17.388,0.99,0.01
SBC,Valkaria,VALK394,VALK394,-9,CM083939.1,2,SNP_2293355,SNP_2308076,53160434,54659183,1498.75,6465,0.232,0.998,0.001
SBC,Valkaria,VALK394,VALK394,-9,CM083939.1,2,SNP_2308094,SNP_2324033,54660413,56332893,1672.481,7346,0.228,0.997,0.002
SBC,Valkaria,VALK394,VALK394,-9,CM083940.1,3,SNP_4014163,SNP_4036352,82905298,85351040,2445.743,9928,0.246,0.999,0.001
SBC,Valkaria,VALK394,VALK394,-9,CM083940.1,3,SNP_4039782,SNP_4051367,85666386,86825580,1159.195,4906,0.236,0.999,0.001
SBC,Valkaria,VALK394,VALK394,-9,CM083944.1,6,SNP_5997874,SNP_6011992,6412942,8257626,1844.685,6019,0.306,0.999,0.001
SBC,Valkaria,VALK394,VALK394,-9,CM083944.1,6,SNP_6018967,SNP_6044860,8867698,11405880,2538.183,11407,0.223,0.999,0.001
SBC,Valkaria,VALK394,VALK394,-9,CM083944.1,6,SNP_6076531,SNP_6088481,14785887,16247789,1461.903,4966,0.294,1,0
SBC,Valkaria,VALK394,VALK394,-9,CM083945.1,7,SNP_6391700,SNP_6401901,9249375,10357715,1108.341,4657,0.238,0.999,0.001
SBC,Valkaria,VALK394,VALK394,-9,CM083945.1,7,SNP_6413687,SNP_6454803,11378031,16306876,4928.846,17927,0.275,0.999,0.001
SBC,Valkaria,VALK394,VALK394,-9,CM083947.1,9,SNP_6984606,SNP_6991119,328089,1527580,1199.492,2857,0.42,0.999,0.001
SBC,Valkaria,VALK394,VALK394,-9,CM083953.1,15,SNP_8339604,SNP_8350667,7253932,8384039,1130.108,5027,0.225,0.997,0.002
SBC,Valkaria,VALK394,VALK394,-9,CM083957.1,20,SNP_8842892,SNP_8863974,6811998,8797043,1985.046,9492,0.209,0.998,0.001
SBC,Valkaria,VALK394,VALK394,-9,CM083957.1,20,SNP_8896403,SNP_8917027,11733803,13631206,1897.404,9596,0.198,0.998,0.001
SBC,Valkaria,VALK394,VALK394,-9,CM083958.1,21,SNP_9013060,SNP_9023635,7841883,9103597,1261.715,4702,0.268,0.998,0.002
SBC,Valkaria,VALK394,VALK394,-9,CM083960.1,23,SNP_9117970,SNP_9122044,2656012,4170785,1514.774,1515,1,0.997,0.003
SBC,Valkaria,VALK502,VALK502,-9,CM083937.1,1,SNP_1015932,SNP_1022482,104933118,106320273,1387.156,2793,0.497,0.994,0.002
SBC,Valkaria,VALK502,VALK502,-9,CM083942.1,4A,SNP_5219231,SNP_5220683,7736083,8955584,1219.502,462,2.64,0.989,0.011
SBC,Valkaria,VALK502,VALK502,-9,CM083942.1,4A,SNP_5224082,SNP_5228979,9959233,10966496,1007.264,1886,0.534,0.993,0.006
SBC,Valkaria,VALK502,VALK502,-9,CM083957.1,20,SNP_8932509,SNP_8938859,15049856,16227900,1178.045,2548,0.462,0.99,0.007
SBC,Valkaria,VALK503,VALK503,-9,CM083938.1,1A,SNP_1631431,SNP_1632068,47501694,49256652,1754.959,100,17.55,0.94,0.01
CBC,Viera,VRA03,VRA03,-9,CM083941.1,4,SNP_4736367,SNP_4738844,37159943,38448018,1288.076,823,1.565,0.973,0.006
CBC,Viera,VRA04,VRA04,-9,CM083938.1,1A,SNP_1631485,SNP_1632311,47517356,49327981,1810.626,160,11.316,0.881,0.025
CBC,Viera,VRA04,VRA04,-9,CM083939.1,2,SNP_2650889,SNP_2652569,96254056,97465771,1211.716,534,2.269,0.949,0.013
CBC,Viera,VRA04,VRA04,-9,CM083943.1,5,SNP_5344734,SNP_5345244,24962,1339838,1314.877,133,9.886,0.925,0.015
CBC,Viera,VRA06,VRA06,-9,CM083939.1,2,SNP_2649660,SNP_2652271,96065416,97432325,1366.91,873,1.566,0.92,0.009
CBC,Viera,VRA08,VRA08,-9,CM083953.1,15,SNP_8365547,SNP_8367332,10993481,12223012,1229.532,682,1.803,0.979,0.016
CBC,Viera,VRA09,VRA09,-9,CM083939.1,2,SNP_2424502,SNP_2439175,73539667,75405554,1865.888,6190,0.301,0.996,0.004
CBC,Viera,VRA11,VRA11,-9,CM083941.1,4,SNP_4737852,SNP_4738570,37318824,38387315,1068.492,121,8.831,0.95,0.017
CBC,Viera,VRA13,VRA13,-9,CM083940.1,3,SNP_3327153,SNP_3327819,3832,1702846,1699.015,158,10.753,0.918,0.019
CBC,Viera,VRA15,VRA15,-9,CM083939.1,2,SNP_2650814,SNP_2651952,96236690,97402487,1165.798,305,3.822,0.954,0.02
CBC,Viera,VRA15,VRA15,-9,CM083940.1,3,SNP_3755684,SNP_3757306,54237248,55577569,1340.322,530,2.529,0.915,0.017
CBC,Viera,VRA16,VRA16,-9,CM083937.1,1,SNP_1016147,SNP_1021758,104974324,106223820,1249.497,2390,0.523,0.962,0.008
CBC,Viera,VRA16,VRA16,-9,CM083939.1,2,SNP_2651095,SNP_2653093,96286097,97510167,1224.071,685,1.787,0.949,0.012
CBC,Viera,VRA16,VRA16,-9,CM083946.1,8,SNP_6728688,SNP_6729939,5422403,6856233,1433.831,350,4.097,0.949,0.02
CBC,Viera,VRA172,VRA172,-9,CM083938.1,1A,SNP_1714753,SNP_1715565,58449396,59473129,1023.734,239,4.283,0.975,0.021
CBC,Viera,VRA172,VRA172,-9,CM083941.1,4,SNP_4523745,SNP_4526081,14026650,15046408,1019.759,778,1.311,0.982,0.013
CBC,Viera,VRA174,VRA174,-9,CM083941.1,4,SNP_4737033,SNP_4739030,37226479,38510922,1284.444,555,2.314,0.973,0.014
CBC,Viera,VRA18,VRA18,-9,CM083938.1,1A,SNP_1631627,SNP_1632426,47553664,49356520,1802.857,154,11.707,0.916,0.019
CBC,Viera,VRA18,VRA18,-9,CM083939.1,2,SNP_2650816,SNP_2651375,96236747,97324127,1087.381,108,10.068,0.898,0.019
CBC,Viera,VRA21,VRA21,-9,CM083937.1,1,SNP_315874,SNP_326224,30212773,31532408,1319.636,4450,0.297,0.996,0.003
CBC,Viera,VRA21,VRA21,-9,CM083937.1,1,SNP_1013826,SNP_1022556,104496230,106357791,1861.562,3593,0.518,0.997,0.002
CBC,Viera,VRA21,VRA21,-9,CM083938.1,1A,SNP_1378634,SNP_1395188,19313296,21159397,1846.102,7406,0.249,0.996,0.003
CBC,Viera,VRA21,VRA21,-9,CM083938.1,1A,SNP_1409782,SNP_1420395,22733742,23913692,1179.951,4651,0.254,0.997,0.003
CBC,Viera,VRA21,VRA21,-9,CM083939.1,2,SNP_2759064,SNP_2775365,108458883,110078329,1619.447,6875,0.236,0.995,0.004
CBC,Viera,VRA21,VRA21,-9,CM083939.1,2,SNP_2819763,SNP_2829366,114294421,115387527,1093.107,4147,0.264,0.996,0.003
CBC,Viera,VRA21,VRA21,-9,CM083939.1,2,SNP_2889997,SNP_2897895,121473904,122895787,1421.884,3087,0.461,0.995,0.005
CBC,Viera,VRA21,VRA21,-9,CM083943.1,5,SNP_5644374,SNP_5659277,36096427,37957629,1861.203,6132,0.304,0.997,0.003
CBC,Viera,VRA21,VRA21,-9,CM083943.1,5,SNP_5669489,SNP_5682903,38927975,40468002,1540.028,5677,0.271,0.997,0.003
CBC,Viera,VRA21,VRA21,-9,CM083943.1,5,SNP_5682912,SNP_5691377,40468329,41552241,1083.913,3515,0.308,0.998,0.002
CBC,Viera,VRA21,VRA21,-9,CM083943.1,5,SNP_5699121,SNP_5711723,42581827,44216158,1634.332,5281,0.309,0.997,0.003
CBC,Viera,VRA21,VRA21,-9,CM083943.1,5,SNP_5714356,SNP_5725585,44609018,46227892,1618.875,4859,0.333,0.997,0.003
CBC,Viera,VRA21,VRA21,-9,CM083945.1,7,SNP_6382421,SNP_6393341,8382913,9386931,1004.019,4887,0.205,0.995,0.005
CBC,Viera,VRA21,VRA21,-9,CM083945.1,7,SNP_6426130,SNP_6434850,12850627,13962939,1112.313,3799,0.293,0.995,0.004
CBC,Viera,VRA21,VRA21,-9,CM083945.1,7,SNP_6435238,SNP_6450057,14020508,15738192,1717.685,6539,0.263,0.996,0.004
CBC,Viera,VRA21,VRA21,-9,CM083945.1,7,SNP_6488584,SNP_6501879,20704347,22391556,1687.21,5764,0.293,0.996,0.004
CBC,Viera,VRA21,VRA21,-9,CM083946.1,8,SNP_6801075,SNP_6810889,15357767,16548591,1190.825,4225,0.282,0.996,0.004
CBC,Viera,VRA21,VRA21,-9,CM083946.1,8,SNP_6810901,SNP_6820758,16549330,17762910,1213.581,4361,0.278,0.997,0.002
CBC,Viera,VRA212,VRA212,-9,CM083937.1,1,SNP_145804,SNP_160726,12702562,14239890,1537.329,6740,0.228,0.997,0.002
CBC,Viera,VRA212,VRA212,-9,CM083937.1,1,SNP_581945,SNP_591693,59293797,60328770,1034.974,4382,0.236,0.996,0.002
CBC,Viera,VRA212,VRA212,-9,CM083937.1,1,SNP_1012947,SNP_1022556,104332029,106357791,2025.763,3995,0.507,0.998,0.002
CBC,Viera,VRA212,VRA212,-9,CM083939.1,2,SNP_2651074,SNP_2652415,96284791,97445845,1161.055,391,2.969,0.977,0.02
CBC,Viera,VRA212,VRA212,-9,CM083941.1,4,SNP_4576192,SNP_4596706,19951308,21831516,1880.209,9662,0.195,0.996,0.004
CBC,Viera,VRA212,VRA212,-9,CM083941.1,4,SNP_4623609,SNP_4637069,24110518,25461689,1351.172,6230,0.217,0.995,0.004
CBC,Viera,VRA212,VRA212,-9,CM083941.1,4,SNP_4648789,SNP_4656740,28064761,29098045,1033.285,3355,0.308,0.995,0.003
CBC,Viera,VRA212,VRA212,-9,CM083941.1,4,SNP_4866751,SNP_4879100,52145170,53667054,1521.885,5063,0.301,0.997,0.003
CBC,Viera,VRA212,VRA212,-9,CM083941.1,4,SNP_4879378,SNP_4889461,53711580,54761625,1050.046,4327,0.243,0.996,0.004
CBC,Viera,VRA212,VRA212,-9,CM083944.1,6,SNP_6194887,SNP_6207742,27634513,29131713,1497.201,5914,0.253,0.998,0.001
CBC,Viera,VRA212,VRA212,-9,CM083944.1,6,SNP_6213082,SNP_6224970,29554947,30606252,1051.306,5488,0.192,0.995,0.003
CBC,Viera,VRA23,VRA23,-9,CM083946.1,8,SNP_6725372,SNP_6729159,4715444,5724554,1009.111,1585,0.637,0.991,0.008
CBC,Viera,VRA23,VRA23,-9,CM083951.1,13,SNP_8060575,SNP_8068266,18482668,19506628,1023.961,3340,0.307,0.99,0.007
CBC,Viera,VRA24,VRA24,-9,CM083939.1,2,SNP_2651074,SNP_2652169,96284791,97420002,1135.212,267,4.252,0.974,0.004
CBC,Viera,VRA24,VRA24,-9,CM083960.1,23,SNP_9118881,SNP_9122364,2901272,4208572,1307.301,1364,0.958,0.987,0.01
CBC,Viera,VRA25,VRA25,-9,CM083939.1,2,SNP_2648929,SNP_2653011,95990884,97502387,1511.504,1549,0.976,0.989,0.008
CBC,Viera,VRA25,VRA25,-9,CM083940.1,3,SNP_3388838,SNP_3393248,7923412,8937956,1014.545,1527,0.664,0.995,0.005
CBC,Viera,VRA25,VRA25,-9,CM083940.1,3,SNP_3418412,SNP_3423449,14846797,16646561,1799.765,2215,0.813,0.987,0.009
CBC,Viera,VRA70,VRA70,-9,CM083941.1,4,SNP_4735696,SNP_4738914,37085327,38495047,1409.721,1110,1.27,0.986,0.004